symbol,timestamp,datetime,side,price,amount,btc_volume
MTH/BTC,1627232417664,2021-07-25T17:00:17.664Z,buy,5.3e-07,2754.0,0.00145962
MTH/BTC,1627232438657,2021-07-25T17:00:38.657Z,sell,5.2e-07,151529.0,0.07879508
MTH/BTC,1627232462671,2021-07-25T17:01:02.671Z,sell,5.2e-07,19193.0,0.00998036
MTH/BTC,1627232462671,2021-07-25T17:01:02.671Z,sell,5.2e-07,19191.0,0.00997932
MTH/BTC,1627232462673,2021-07-25T17:01:02.673Z,sell,5.2e-07,384.0,0.00019967999999999999
MTH/BTC,1627232462675,2021-07-25T17:01:02.675Z,sell,5.2e-07,384.0,0.00019967999999999999
MTH/BTC,1627232558827,2021-07-25T17:02:38.827Z,sell,5.2e-07,5516.0,0.00286832
MTH/BTC,1627232675321,2021-07-25T17:04:35.321Z,buy,5.3e-07,492.0,0.00026076
MTH/BTC,1627233117276,2021-07-25T17:11:57.276Z,sell,5.2e-07,3426.0,0.00178152
MTH/BTC,1627233452315,2021-07-25T17:17:32.315Z,sell,5.2e-07,3769.0,0.0019598799999999998
MTH/BTC,1627233505795,2021-07-25T17:18:25.795Z,buy,5.3e-07,20528.0,0.01087984
MTH/BTC,1627234033250,2021-07-25T17:27:13.250Z,buy,5.3e-07,8200.0,0.004346
MTH/BTC,1627234399884,2021-07-25T17:33:19.884Z,buy,5.3e-07,8781.0,0.00465393
MTH/BTC,1627234440963,2021-07-25T17:34:00.963Z,buy,5.3e-07,5503.0,0.00291659
MTH/BTC,1627234440963,2021-07-25T17:34:00.963Z,buy,5.3e-07,5503.0,0.00291659
MTH/BTC,1627236069504,2021-07-25T18:01:09.504Z,buy,5.3e-07,274.0,0.00014522
MTH/BTC,1627236288250,2021-07-25T18:04:48.250Z,buy,5.3e-07,1718.0,0.00091054
MTH/BTC,1627236651580,2021-07-25T18:10:51.580Z,buy,5.3e-07,2742.0,0.00145326
MTH/BTC,1627236651580,2021-07-25T18:10:51.580Z,buy,5.3e-07,2742.0,0.00145326
MTH/BTC,1627239685388,2021-07-25T19:01:25.388Z,sell,5.2e-07,924.0,0.00048048
MTH/BTC,1627239822648,2021-07-25T19:03:42.648Z,sell,5.2e-07,5008.0,0.00260416
MTH/BTC,1627240120832,2021-07-25T19:08:40.832Z,buy,5.3e-07,4589.0,0.00243217
MTH/BTC,1627240120832,2021-07-25T19:08:40.832Z,buy,5.3e-07,4589.0,0.00243217
MTH/BTC,1627241098071,2021-07-25T19:24:58.071Z,buy,5.3e-07,3230.0,0.0017119
MTH/BTC,1627242030212,2021-07-25T19:40:30.212Z,buy,5.3e-07,6638.0,0.00351814
MTH/BTC,1627242222830,2021-07-25T19:43:42.830Z,buy,5.3e-07,1448.0,0.00076744
MTH/BTC,1627242283968,2021-07-25T19:44:43.968Z,buy,5.3e-07,207.0,0.00010971
MTH/BTC,1627242487314,2021-07-25T19:48:07.314Z,buy,5.3e-07,10313.0,0.00546589
MTH/BTC,1627242644838,2021-07-25T19:50:44.838Z,sell,5.2e-07,723.0,0.00037596
MTH/BTC,1627243028614,2021-07-25T19:57:08.614Z,sell,5.2e-07,211.0,0.00010972
MTH/BTC,1627243159155,2021-07-25T19:59:19.155Z,buy,5.3e-07,194.0,0.00010282
MTH/BTC,1627243497314,2021-07-25T20:04:57.314Z,buy,5.3e-07,2562.0,0.00135786
MTH/BTC,1627243497314,2021-07-25T20:04:57.314Z,buy,5.3e-07,2562.0,0.00135786
MTH/BTC,1627243807987,2021-07-25T20:10:07.987Z,buy,5.3e-07,194.0,0.00010282
MTH/BTC,1627244063047,2021-07-25T20:14:23.047Z,buy,5.3e-07,2643.0,0.00140079
MTH/BTC,1627246571210,2021-07-25T20:56:11.210Z,sell,5.2e-07,510.0,0.0002652
MTH/BTC,1627247026977,2021-07-25T21:03:46.977Z,sell,5.2e-07,857.0,0.00044564
MTH/BTC,1627247026977,2021-07-25T21:03:46.977Z,sell,5.2e-07,857.0,0.00044564
MTH/BTC,1627247100327,2021-07-25T21:05:00.327Z,buy,5.3e-07,1946.0,0.00103138
MTH/BTC,1627247811747,2021-07-25T21:16:51.747Z,buy,5.3e-07,207.0,0.00010971
MTH/BTC,1627249348552,2021-07-25T21:42:28.552Z,buy,5.3e-07,5000.0,0.00265
MTH/BTC,1627249622089,2021-07-25T21:47:02.089Z,buy,5.3e-07,34470.0,0.0182691
MTH/BTC,1627250182157,2021-07-25T21:56:22.157Z,sell,5.2e-07,75000.0,0.039
MTH/BTC,1627250543092,2021-07-25T22:02:23.092Z,sell,5.2e-07,20899.0,0.01086748
MTH/BTC,1627250543092,2021-07-25T22:02:23.092Z,sell,5.2e-07,20899.0,0.01086748
MTH/BTC,1627250634391,2021-07-25T22:03:54.391Z,sell,5.2e-07,6631.0,0.00344812
MTH/BTC,1627250705118,2021-07-25T22:05:05.118Z,buy,5.3e-07,2872.0,0.00152216
MTH/BTC,1627250715910,2021-07-25T22:05:15.910Z,sell,5.2e-07,4833.0,0.00251316
MTH/BTC,1627251013144,2021-07-25T22:10:13.144Z,sell,5.2e-07,378.0,0.00019656
MTH/BTC,1627251319790,2021-07-25T22:15:19.790Z,buy,5.3e-07,2148.0,0.0011384400000000001
MTH/BTC,1627253871160,2021-07-25T22:57:51.160Z,sell,5.2e-07,5000.0,0.0026
MTH/BTC,1627253871160,2021-07-25T22:57:51.160Z,sell,5.2e-07,5000.0,0.0026
MTH/BTC,1627254278339,2021-07-25T23:04:38.339Z,buy,5.3e-07,1807.0,0.00095771
MTH/BTC,1627255158208,2021-07-25T23:19:18.208Z,sell,5.2e-07,1833.0,0.00095316
MTH/BTC,1627256158209,2021-07-25T23:35:58.209Z,buy,5.3e-07,190.0,0.00010070000000000001
MTH/BTC,1627256222964,2021-07-25T23:37:02.964Z,sell,5.2e-07,13011.0,0.00676572
MTH/BTC,1627256418437,2021-07-25T23:40:18.437Z,sell,5.2e-07,55973.0,0.02910596
MTH/BTC,1627256847872,2021-07-25T23:47:27.872Z,buy,5.3e-07,75555.0,0.04004415
MTH/BTC,1627256847872,2021-07-25T23:47:27.872Z,buy,5.3e-07,75555.0,0.04004415
MTH/BTC,1627257885310,2021-07-26T00:04:45.310Z,buy,5.3e-07,840.0,0.0004452
MTH/BTC,1627257885310,2021-07-26T00:04:45.310Z,buy,5.3e-07,840.0,0.0004452
MTH/BTC,1627260869464,2021-07-26T00:54:29.464Z,sell,5.2e-07,11303.0,0.0058775599999999996
MTH/BTC,1627260918428,2021-07-26T00:55:18.428Z,buy,5.3e-07,190.0,0.00010070000000000001
MTH/BTC,1627261116125,2021-07-26T00:58:36.125Z,sell,5.2e-07,5169.0,0.00268788
MTH/BTC,1627261475634,2021-07-26T01:04:35.634Z,buy,5.3e-07,383.0,0.00020299
MTH/BTC,1627261475634,2021-07-26T01:04:35.634Z,buy,5.3e-07,383.0,0.00020299
MTH/BTC,1627261559076,2021-07-26T01:05:59.076Z,sell,5.2e-07,4584.0,0.00238368
MTH/BTC,1627261559310,2021-07-26T01:05:59.310Z,sell,5.2e-07,7000.0,0.00364
MTH/BTC,1627261559314,2021-07-26T01:05:59.314Z,sell,5.2e-07,1000.0,0.00052
MTH/BTC,1627261559315,2021-07-26T01:05:59.315Z,sell,5.2e-07,8000.0,0.00416
MTH/BTC,1627261559551,2021-07-26T01:05:59.551Z,sell,5.2e-07,11000.0,0.00572
MTH/BTC,1627261586881,2021-07-26T01:06:26.881Z,buy,5.3e-07,1715.0,0.0009089500000000001
MTH/BTC,1627261709496,2021-07-26T01:08:29.496Z,sell,5.2e-07,9551.0,0.00496652
MTH/BTC,1627261747874,2021-07-26T01:09:07.874Z,sell,5.2e-07,21677.0,0.01127204
MTH/BTC,1627261773135,2021-07-26T01:09:33.135Z,sell,5.2e-07,14308.0,0.00744016
MTH/BTC,1627261874400,2021-07-26T01:11:14.400Z,sell,5.2e-07,2406.0,0.00125112
MTH/BTC,1627262929891,2021-07-26T01:28:49.891Z,buy,5.3e-07,190.0,0.00010070000000000001
MTH/BTC,1627262956758,2021-07-26T01:29:16.758Z,buy,5.3e-07,25279.0,0.013397870000000001
MTH/BTC,1627263646121,2021-07-26T01:40:46.121Z,sell,5.2e-07,384.0,0.00019967999999999999
MTH/BTC,1627263785670,2021-07-26T01:43:05.670Z,buy,5.3e-07,17134.0,0.00908102
MTH/BTC,1627263855584,2021-07-26T01:44:15.584Z,buy,5.3e-07,597.0,0.00031641
MTH/BTC,1627263905031,2021-07-26T01:45:05.031Z,buy,5.3e-07,265.0,0.00014045
MTH/BTC,1627263918812,2021-07-26T01:45:18.812Z,buy,5.3e-07,472656.0,0.25050768
MTH/BTC,1627264814912,2021-07-26T02:00:14.912Z,sell,5.2e-07,10830.0,0.0056316
MTH/BTC,1627264936608,2021-07-26T02:02:16.608Z,sell,5.2e-07,597.0,0.00031044
MTH/BTC,1627264962996,2021-07-26T02:02:42.996Z,buy,5.3e-07,190.0,0.00010070000000000001
MTH/BTC,1627264994755,2021-07-26T02:03:14.755Z,sell,5.2e-07,2752.0,0.00143104
MTH/BTC,1627265029420,2021-07-26T02:03:49.420Z,buy,5.3e-07,190.0,0.00010070000000000001
MTH/BTC,1627265043884,2021-07-26T02:04:03.884Z,sell,5.2e-07,2250.0,0.00117
MTH/BTC,1627265065258,2021-07-26T02:04:25.258Z,buy,5.3e-07,190.0,0.00010070000000000001
MTH/BTC,1627265065258,2021-07-26T02:04:25.258Z,buy,5.3e-07,190.0,0.00010070000000000001
MTH/BTC,1627265326027,2021-07-26T02:08:46.027Z,sell,5.2e-07,610.0,0.0003172
MTH/BTC,1627265701476,2021-07-26T02:15:01.476Z,sell,5.2e-07,10106.0,0.00525512
MTH/BTC,1627266632886,2021-07-26T02:30:32.886Z,sell,5.2e-07,43431.0,0.02258412
MTH/BTC,1627267022901,2021-07-26T02:37:02.901Z,buy,5.3e-07,190.0,0.00010070000000000001
MTH/BTC,1627267383099,2021-07-26T02:43:03.099Z,buy,5.3e-07,2240.0,0.0011872
MTH/BTC,1627267399812,2021-07-26T02:43:19.812Z,sell,5.2e-07,296.0,0.00015392
MTH/BTC,1627268123037,2021-07-26T02:55:23.037Z,sell,5.2e-07,2513.0,0.00130676
MTH/BTC,1627268660948,2021-07-26T03:04:20.948Z,sell,5.2e-07,255.0,0.0001326
MTH/BTC,1627268660948,2021-07-26T03:04:20.948Z,sell,5.2e-07,255.0,0.0001326
MTH/BTC,1627268675688,2021-07-26T03:04:35.688Z,sell,5.2e-07,348038.0,0.18097976
MTH/BTC,1627269048970,2021-07-26T03:10:48.970Z,sell,5.2e-07,5407.0,0.00281164
MTH/BTC,1627269098218,2021-07-26T03:11:38.218Z,sell,5.2e-07,7766.0,0.00403832
MTH/BTC,1627271307431,2021-07-26T03:48:27.431Z,buy,5.3e-07,200.0,0.000106
MTH/BTC,1627271384822,2021-07-26T03:49:44.822Z,buy,5.3e-07,552.0,0.00029256
MTH/BTC,1627272251323,2021-07-26T04:04:11.323Z,sell,5.2e-07,697.0,0.00036244
MTH/BTC,1627272251323,2021-07-26T04:04:11.323Z,sell,5.2e-07,697.0,0.00036244
MTH/BTC,1627272375358,2021-07-26T04:06:15.358Z,sell,5.2e-07,552.0,0.00028704
MTH/BTC,1627272446298,2021-07-26T04:07:26.298Z,sell,5.2e-07,882.0,0.00045864
MTH/BTC,1627272835450,2021-07-26T04:13:55.450Z,sell,5.2e-07,1105.0,0.0005746
MTH/BTC,1627272850246,2021-07-26T04:14:10.246Z,sell,5.2e-07,24428.0,0.01270256
MTH/BTC,1627273064308,2021-07-26T04:17:44.308Z,buy,5.3e-07,931.0,0.00049343
MTH/BTC,1627273083446,2021-07-26T04:18:03.446Z,sell,5.2e-07,1186.0,0.00061672
MTH/BTC,1627273232881,2021-07-26T04:20:32.881Z,sell,5.2e-07,25862.0,0.01344824
MTH/BTC,1627273234642,2021-07-26T04:20:34.642Z,buy,5.3e-07,901.0,0.00047753
MTH/BTC,1627274113530,2021-07-26T04:35:13.530Z,sell,5.2e-07,1074.0,0.00055848
MTH/BTC,1627275263853,2021-07-26T04:54:23.853Z,sell,5.2e-07,3028.0,0.00157456
MTH/BTC,1627275708278,2021-07-26T05:01:48.278Z,sell,5.2e-07,10302.0,0.0053570399999999995
MTH/BTC,1627275708278,2021-07-26T05:01:48.278Z,sell,5.2e-07,10302.0,0.0053570399999999995
MTH/BTC,1627275871493,2021-07-26T05:04:31.493Z,buy,5.3e-07,346.0,0.00018338
MTH/BTC,1627275941997,2021-07-26T05:05:41.997Z,buy,5.3e-07,191.0,0.00010123
MTH/BTC,1627277064713,2021-07-26T05:24:24.713Z,buy,5.3e-07,26773.0,0.01418969
MTH/BTC,1627277154324,2021-07-26T05:25:54.324Z,sell,5.2e-07,1509.0,0.00078468
MTH/BTC,1627277728461,2021-07-26T05:35:28.461Z,sell,5.2e-07,204.0,0.00010608
MTH/BTC,1627277824476,2021-07-26T05:37:04.476Z,sell,5.2e-07,4036.0,0.00209872
MTH/BTC,1627277824476,2021-07-26T05:37:04.476Z,sell,5.2e-07,4036.0,0.00209872
MTH/BTC,1627279483104,2021-07-26T06:04:43.104Z,buy,5.3e-07,1225.0,0.00064925
MTH/BTC,1627279725313,2021-07-26T06:08:45.313Z,sell,5.2e-07,191.0,9.932e-05
MTH/BTC,1627279969226,2021-07-26T06:12:49.226Z,sell,5.2e-07,144264.0,0.07501728
MTH/BTC,1627280447499,2021-07-26T06:20:47.499Z,sell,5.2e-07,1485.0,0.0007722
MTH/BTC,1627280877312,2021-07-26T06:27:57.312Z,sell,5.2e-07,21231.0,0.01104012
MTH/BTC,1627280888184,2021-07-26T06:28:08.184Z,buy,5.3e-07,919.0,0.00048707
MTH/BTC,1627281026849,2021-07-26T06:30:26.849Z,buy,5.3e-07,2711.0,0.00143683
MTH/BTC,1627281026849,2021-07-26T06:30:26.849Z,buy,5.3e-07,2711.0,0.00143683
MTH/BTC,1627281934368,2021-07-26T06:45:34.368Z,sell,5.2e-07,12373.0,0.00643396
MTH/BTC,1627282265378,2021-07-26T06:51:05.378Z,sell,5.2e-07,196.0,0.00010192
MTH/BTC,1627282446819,2021-07-26T06:54:06.819Z,sell,5.2e-07,26908.0,0.01399216
MTH/BTC,1627282596302,2021-07-26T06:56:36.302Z,sell,5.2e-07,282.0,0.00014664
MTH/BTC,1627282727418,2021-07-26T06:58:47.418Z,sell,5.2e-07,2238.0,0.00116376
MTH/BTC,1627282805740,2021-07-26T07:00:05.740Z,sell,5.2e-07,94760.0,0.0492752
MTH/BTC,1627283088831,2021-07-26T07:04:48.831Z,sell,5.2e-07,428.0,0.00022256
MTH/BTC,1627283091554,2021-07-26T07:04:51.554Z,buy,5.3e-07,1770.0,0.0009381
MTH/BTC,1627283190279,2021-07-26T07:06:30.279Z,buy,5.3e-07,6267.0,0.00332151
MTH/BTC,1627284097653,2021-07-26T07:21:37.653Z,sell,5.2e-07,400.0,0.000208
MTH/BTC,1627284350967,2021-07-26T07:25:50.967Z,buy,5.3e-07,15270.0,0.0080931
MTH/BTC,1627284350967,2021-07-26T07:25:50.967Z,buy,5.3e-07,15270.0,0.0080931
MTH/BTC,1627285824638,2021-07-26T07:50:24.638Z,sell,5.2e-07,10000.0,0.0052
MTH/BTC,1627285950187,2021-07-26T07:52:30.187Z,buy,5.3e-07,943.0,0.00049979
MTH/BTC,1627286338470,2021-07-26T07:58:58.470Z,buy,5.3e-07,399.0,0.00021147
MTH/BTC,1627286648336,2021-07-26T08:04:08.336Z,sell,5.2e-07,524.0,0.00027248
MTH/BTC,1627286799563,2021-07-26T08:06:39.563Z,sell,5.2e-07,9391.0,0.00488332
MTH/BTC,1627286914950,2021-07-26T08:08:34.950Z,sell,5.2e-07,7159.0,0.00372268
MTH/BTC,1627287040313,2021-07-26T08:10:40.313Z,sell,5.2e-07,200136.0,0.10407072
MTH/BTC,1627287211329,2021-07-26T08:13:31.329Z,sell,5.2e-07,6261.0,0.00325572
MTH/BTC,1627287719725,2021-07-26T08:21:59.725Z,sell,5.2e-07,9921.0,0.00515892
MTH/BTC,1627287940324,2021-07-26T08:25:40.324Z,sell,5.2e-07,1344.0,0.00069888
MTH/BTC,1627287940324,2021-07-26T08:25:40.324Z,sell,5.2e-07,1344.0,0.00069888
MTH/BTC,1627288214957,2021-07-26T08:30:14.957Z,sell,5.2e-07,1564.0,0.00081328
MTH/BTC,1627288631964,2021-07-26T08:37:11.964Z,sell,5.2e-07,16357.0,0.00850564
MTH/BTC,1627288763310,2021-07-26T08:39:23.310Z,sell,5.2e-07,3786.0,0.00196872
MTH/BTC,1627289227216,2021-07-26T08:47:07.216Z,sell,5.2e-07,1751.0,0.00091052
MTH/BTC,1627289294428,2021-07-26T08:48:14.428Z,sell,5.2e-07,757.0,0.00039364
MTH/BTC,1627289831805,2021-07-26T08:57:11.805Z,buy,5.3e-07,943.0,0.00049979
MTH/BTC,1627290244056,2021-07-26T09:04:04.056Z,sell,5.2e-07,702.0,0.00036504
MTH/BTC,1627291335016,2021-07-26T09:22:15.016Z,buy,5.3e-07,17334.0,0.00918702
MTH/BTC,1627291350836,2021-07-26T09:22:30.836Z,buy,5.3e-07,563.0,0.00029839
MTH/BTC,1627291350836,2021-07-26T09:22:30.836Z,buy,5.3e-07,563.0,0.00029839
MTH/BTC,1627292063908,2021-07-26T09:34:23.908Z,sell,5.2e-07,9016.0,0.00468832
MTH/BTC,1627292826467,2021-07-26T09:47:06.467Z,sell,5.2e-07,544.0,0.00028288
MTH/BTC,1627293515056,2021-07-26T09:58:35.056Z,buy,5.3e-07,190.0,0.00010070000000000001
MTH/BTC,1627293828627,2021-07-26T10:03:48.627Z,sell,5.2e-07,1656.0,0.00086112
MTH/BTC,1627293863616,2021-07-26T10:04:23.616Z,sell,5.2e-07,15254.0,0.00793208
MTH/BTC,1627294100300,2021-07-26T10:08:20.300Z,buy,5.3e-07,944.0,0.0005003200000000001
MTH/BTC,1627294154289,2021-07-26T10:09:14.289Z,sell,5.2e-07,377.0,0.00019604
MTH/BTC,1627294272673,2021-07-26T10:11:12.673Z,buy,5.3e-07,1000.0,0.00053
MTH/BTC,1627294309115,2021-07-26T10:11:49.115Z,buy,5.3e-07,903.0,0.00047859
MTH/BTC,1627294670689,2021-07-26T10:17:50.689Z,sell,5.2e-07,500.0,0.00026
MTH/BTC,1627294670689,2021-07-26T10:17:50.689Z,sell,5.2e-07,500.0,0.00026
MTH/BTC,1627294960811,2021-07-26T10:22:40.811Z,buy,5.3e-07,905.0,0.00047965000000000003
MTH/BTC,1627295602171,2021-07-26T10:33:22.171Z,buy,5.3e-07,3758.0,0.00199174
MTH/BTC,1627295771278,2021-07-26T10:36:11.278Z,buy,5.3e-07,191.0,0.00010123
MTH/BTC,1627295964846,2021-07-26T10:39:24.846Z,sell,5.2e-07,2145.0,0.0011154
MTH/BTC,1627296959307,2021-07-26T10:55:59.307Z,sell,5.2e-07,3277.0,0.00170404
MTH/BTC,1627297150149,2021-07-26T10:59:10.149Z,sell,5.2e-07,398.0,0.00020696
MTH/BTC,1627297461843,2021-07-26T11:04:21.843Z,buy,5.3e-07,380.0,0.00020140000000000002
MTH/BTC,1627297461843,2021-07-26T11:04:21.843Z,buy,5.3e-07,380.0,0.00020140000000000002
MTH/BTC,1627298299341,2021-07-26T11:18:19.341Z,sell,5.2e-07,2551.0,0.00132652
MTH/BTC,1627298399905,2021-07-26T11:19:59.905Z,buy,5.3e-07,190.0,0.00010070000000000001
MTH/BTC,1627298978151,2021-07-26T11:29:38.151Z,buy,5.3e-07,1887.0,0.00100011
MTH/BTC,1627299112766,2021-07-26T11:31:52.766Z,buy,5.3e-07,5283.0,0.00279999
MTH/BTC,1627301042285,2021-07-26T12:04:02.285Z,sell,5.2e-07,682.0,0.00035464
MTH/BTC,1627301042285,2021-07-26T12:04:02.285Z,sell,5.2e-07,682.0,0.00035464
MTH/BTC,1627302032433,2021-07-26T12:20:32.433Z,buy,5.3e-07,190.0,0.00010070000000000001
MTH/BTC,1627302248241,2021-07-26T12:24:08.241Z,buy,5.3e-07,1613.0,0.00085489
MTH/BTC,1627303293607,2021-07-26T12:41:33.607Z,sell,5.2e-07,10488.0,0.00545376
MTH/BTC,1627303716330,2021-07-26T12:48:36.330Z,buy,5.3e-07,3803.0,0.00201559
MTH/BTC,1627304168956,2021-07-26T12:56:08.956Z,buy,5.3e-07,684.0,0.00036252
MTH/BTC,1627304178738,2021-07-26T12:56:18.738Z,buy,5.3e-07,239.0,0.00012667
MTH/BTC,1627304184982,2021-07-26T12:56:24.982Z,buy,5.3e-07,226.0,0.00011978
MTH/BTC,1627304191079,2021-07-26T12:56:31.079Z,buy,5.3e-07,4862.0,0.00257686
MTH/BTC,1627304198394,2021-07-26T12:56:38.394Z,buy,5.3e-07,1572.0,0.00083316
MTH/BTC,1627304256489,2021-07-26T12:57:36.489Z,buy,5.3e-07,200.0,0.000106
MTH/BTC,1627304256489,2021-07-26T12:57:36.489Z,buy,5.3e-07,200.0,0.000106
MTH/BTC,1627304747088,2021-07-26T13:05:47.088Z,sell,5.2e-07,7067.0,0.00367484
MTH/BTC,1627305984165,2021-07-26T13:26:24.165Z,sell,5.2e-07,20862.0,0.01084824
MTH/BTC,1627307111972,2021-07-26T13:45:11.972Z,buy,5.3e-07,7832.0,0.00415096
MTH/BTC,1627307111972,2021-07-26T13:45:11.972Z,buy,5.3e-07,7832.0,0.00415096
MTH/BTC,1627308273660,2021-07-26T14:04:33.660Z,buy,5.3e-07,584.0,0.00030952
MTH/BTC,1627308434262,2021-07-26T14:07:14.262Z,buy,5.3e-07,359.0,0.00019027
MTH/BTC,1627308642348,2021-07-26T14:10:42.348Z,buy,5.3e-07,9007.0,0.0047737100000000005
MTH/BTC,1627309358502,2021-07-26T14:22:38.502Z,buy,5.3e-07,1813.0,0.00096089
MTH/BTC,1627309445595,2021-07-26T14:24:05.595Z,sell,5.2e-07,512252.0,0.26637104
MTH/BTC,1627309445595,2021-07-26T14:24:05.595Z,sell,5.1e-07,1159345.0,0.59126595
MTH/BTC,1627309445595,2021-07-26T14:24:05.595Z,sell,5e-07,331821.0,0.1659105
MTH/BTC,1627309445595,2021-07-26T14:24:05.595Z,sell,5e-07,10010.0,0.005005
MTH/BTC,1627309445595,2021-07-26T14:24:05.595Z,sell,5e-07,231.0,0.00011549999999999999
MTH/BTC,1627309445595,2021-07-26T14:24:05.595Z,sell,5e-07,233.0,0.0001165
MTH/BTC,1627309445595,2021-07-26T14:24:05.595Z,sell,5e-07,248.0,0.000124
MTH/BTC,1627309445595,2021-07-26T14:24:05.595Z,sell,5e-07,228.0,0.00011399999999999999
MTH/BTC,1627309445595,2021-07-26T14:24:05.595Z,sell,5e-07,249.0,0.0001245
MTH/BTC,1627309445595,2021-07-26T14:24:05.595Z,sell,5e-07,239.0,0.00011949999999999999
MTH/BTC,1627309445595,2021-07-26T14:24:05.595Z,sell,5e-07,238.0,0.00011899999999999999
MTH/BTC,1627309445595,2021-07-26T14:24:05.595Z,sell,5e-07,241.0,0.00012049999999999999
MTH/BTC,1627309445595,2021-07-26T14:24:05.595Z,sell,5e-07,484.0,0.000242
MTH/BTC,1627309445937,2021-07-26T14:24:05.937Z,sell,5.1e-07,6000.0,0.00306
MTH/BTC,1627309445998,2021-07-26T14:24:05.998Z,buy,5.1e-07,1863.0,0.00095013
MTH/BTC,1627309446244,2021-07-26T14:24:06.244Z,buy,5.1e-07,6000.0,0.00306
MTH/BTC,1627309450787,2021-07-26T14:24:10.787Z,buy,5.1e-07,5092.0,0.00259692
MTH/BTC,1627309452246,2021-07-26T14:24:12.246Z,buy,5.1e-07,1273.0,0.00064923
MTH/BTC,1627309453329,2021-07-26T14:24:13.329Z,sell,5e-07,695.0,0.0003475
MTH/BTC,1627309463793,2021-07-26T14:24:23.793Z,sell,5e-07,4629.0,0.0023144999999999997
MTH/BTC,1627309464945,2021-07-26T14:24:24.945Z,buy,5.1e-07,10000.0,0.0050999999999999995
MTH/BTC,1627309467228,2021-07-26T14:24:27.228Z,buy,5.1e-07,11185.0,0.0057043499999999995
MTH/BTC,1627309651314,2021-07-26T14:27:31.314Z,buy,5.2e-07,409.0,0.00021268
MTH/BTC,1627309684920,2021-07-26T14:28:04.920Z,buy,5.2e-07,13427.0,0.00698204
MTH/BTC,1627310496120,2021-07-26T14:41:36.120Z,sell,5.1e-07,27809.0,0.01418259
MTH/BTC,1627310648007,2021-07-26T14:44:08.007Z,buy,5.2e-07,1898.0,0.00098696
MTH/BTC,1627310648007,2021-07-26T14:44:08.007Z,buy,5.2e-07,1898.0,0.00098696
MTH/BTC,1627311383700,2021-07-26T14:56:23.700Z,sell,5.1e-07,3758.0,0.00191658
MTH/BTC,1627311617974,2021-07-26T15:00:17.974Z,buy,5.2e-07,289.0,0.00015028
MTH/BTC,1627311851460,2021-07-26T15:04:11.460Z,buy,5.2e-07,901.0,0.00046852
MTH/BTC,1627311901221,2021-07-26T15:05:01.221Z,buy,5.2e-07,1966.0,0.00102232
MTH/BTC,1627313350833,2021-07-26T15:29:10.833Z,sell,5.1e-07,8491.0,0.00433041
MTH/BTC,1627313824297,2021-07-26T15:37:04.297Z,buy,5.2e-07,7269.0,0.00377988
MTH/BTC,1627313824297,2021-07-26T15:37:04.297Z,buy,5.2e-07,7269.0,0.00377988
MTH/BTC,1627315455709,2021-07-26T16:04:15.709Z,sell,5.1e-07,333.0,0.00016983
MTH/BTC,1627315725898,2021-07-26T16:08:45.898Z,buy,5.2e-07,6799.0,0.00353548
MTH/BTC,1627316497693,2021-07-26T16:21:37.693Z,buy,5.2e-07,2013.0,0.00104676
MTH/BTC,1627316629062,2021-07-26T16:23:49.062Z,buy,5.2e-07,6700.0,0.003484
MTH/BTC,1627317059218,2021-07-26T16:30:59.218Z,sell,5.1e-07,672.0,0.00034271999999999997
MTH/BTC,1627317059218,2021-07-26T16:30:59.218Z,sell,5.1e-07,672.0,0.00034271999999999997
MTH/BTC,1627317514958,2021-07-26T16:38:34.958Z,sell,5.1e-07,4538.0,0.00231438
MTH/BTC,1627317711863,2021-07-26T16:41:51.863Z,sell,5.1e-07,13427.0,0.0068477699999999996
MTH/BTC,1627318622545,2021-07-26T16:57:02.545Z,buy,5.2e-07,645.0,0.0003354
MTH/BTC,1627319040408,2021-07-26T17:04:00.408Z,sell,5.1e-07,524.0,0.00026723999999999997
MTH/BTC,1627319789638,2021-07-26T17:16:29.638Z,sell,5.1e-07,971.0,0.0004952099999999999
MTH/BTC,1627319789638,2021-07-26T17:16:29.638Z,sell,5.1e-07,971.0,0.0004952099999999999
MTH/BTC,1627320815479,2021-07-26T17:33:35.479Z,sell,5.1e-07,354.0,0.00018054
MTH/BTC,1627321507770,2021-07-26T17:45:07.770Z,sell,5.1e-07,2711.0,0.00138261
MTH/BTC,1627321517479,2021-07-26T17:45:17.479Z,sell,5.1e-07,21132.0,0.01077732
MTH/BTC,1627322688129,2021-07-26T18:04:48.129Z,buy,5.2e-07,1895.0,0.0009854
MTH/BTC,1627323351532,2021-07-26T18:15:51.532Z,sell,5.1e-07,5000.0,0.0025499999999999997
MTH/BTC,1627323351532,2021-07-26T18:15:51.532Z,sell,5.1e-07,5000.0,0.0025499999999999997
MTH/BTC,1627323475292,2021-07-26T18:17:55.292Z,sell,5.1e-07,13828.0,0.00705228
MTH/BTC,1627323860927,2021-07-26T18:24:20.927Z,sell,5.1e-07,1273.0,0.00064923
MTH/BTC,1627324093585,2021-07-26T18:28:13.585Z,buy,5.2e-07,195.0,0.0001014
MTH/BTC,1627324501512,2021-07-26T18:35:01.512Z,sell,5.1e-07,5000.0,0.0025499999999999997
MTH/BTC,1627324506005,2021-07-26T18:35:06.005Z,sell,5.1e-07,5000.0,0.0025499999999999997
MTH/BTC,1627324644357,2021-07-26T18:37:24.357Z,buy,5.2e-07,1023.0,0.00053196
MTH/BTC,1627325402660,2021-07-26T18:50:02.660Z,sell,5.1e-07,588.0,0.00029988
MTH/BTC,1627325734384,2021-07-26T18:55:34.384Z,buy,5.1e-07,4947.0,0.00252297
MTH/BTC,1627325894085,2021-07-26T18:58:14.085Z,sell,5e-07,4942.0,0.0024709999999999997
MTH/BTC,1627325902729,2021-07-26T18:58:22.729Z,buy,5.1e-07,4937.0,0.0025178699999999997
MTH/BTC,1627325963474,2021-07-26T18:59:23.474Z,sell,5e-07,18613.0,0.009306499999999999
MTH/BTC,1627326018765,2021-07-26T19:00:18.765Z,buy,5.1e-07,961.0,0.00049011
MTH/BTC,1627326070233,2021-07-26T19:01:10.233Z,buy,5.1e-07,1765.0,0.00090015
MTH/BTC,1627326648978,2021-07-26T19:10:48.978Z,sell,5e-07,8664.0,0.004332
MTH/BTC,1627326674573,2021-07-26T19:11:14.573Z,sell,5e-07,6188.0,0.003094
MTH/BTC,1627326864895,2021-07-26T19:14:24.895Z,sell,5e-07,2997.0,0.0014984999999999998
MTH/BTC,1627326864895,2021-07-26T19:14:24.895Z,sell,5e-07,2997.0,0.0014984999999999998
MTH/BTC,1627327670447,2021-07-26T19:27:50.447Z,buy,5.1e-07,200.0,0.000102
MTH/BTC,1627327823945,2021-07-26T19:30:23.945Z,buy,5.1e-07,4546.0,0.00231846
MTH/BTC,1627327833425,2021-07-26T19:30:33.425Z,buy,5.1e-07,48762.0,0.02486862
MTH/BTC,1627328115285,2021-07-26T19:35:15.285Z,buy,5.1e-07,325303.0,0.16590453
MTH/BTC,1627328182900,2021-07-26T19:36:22.900Z,sell,5.1e-07,73697.0,0.037585469999999996
MTH/BTC,1627328931930,2021-07-26T19:48:51.930Z,buy,5.1e-07,1801.0,0.00091851
MTH/BTC,1627329392549,2021-07-26T19:56:32.549Z,buy,5.1e-07,4544.0,0.00231744
MTH/BTC,1627329493958,2021-07-26T19:58:13.958Z,buy,5.1e-07,4545.0,0.00231795
MTH/BTC,1627329592445,2021-07-26T19:59:52.445Z,buy,5.1e-07,346.0,0.00017646
MTH/BTC,1627329599866,2021-07-26T19:59:59.866Z,buy,5.1e-07,3633.0,0.00185283
MTH/BTC,1627329840771,2021-07-26T20:04:00.771Z,sell,5e-07,48713.0,0.0243565
MTH/BTC,1627329844830,2021-07-26T20:04:04.830Z,sell,5e-07,905.0,0.0004525
MTH/BTC,1627330128096,2021-07-26T20:08:48.096Z,sell,5e-07,1392.0,0.000696
MTH/BTC,1627330374580,2021-07-26T20:12:54.580Z,sell,5e-07,6122.0,0.003061
MTH/BTC,1627330374580,2021-07-26T20:12:54.580Z,sell,5e-07,6122.0,0.003061
MTH/BTC,1627330611809,2021-07-26T20:16:51.809Z,buy,5.1e-07,200.0,0.000102
MTH/BTC,1627331267161,2021-07-26T20:27:47.161Z,buy,5.1e-07,23529.0,0.01199979
MTH/BTC,1627331288841,2021-07-26T20:28:08.841Z,sell,5e-07,2830.0,0.001415
MTH/BTC,1627331511152,2021-07-26T20:31:51.152Z,sell,5e-07,24000.0,0.012
MTH/BTC,1627331888527,2021-07-26T20:38:08.527Z,sell,5e-07,1000.0,0.0005
MTH/BTC,1627332133209,2021-07-26T20:42:13.209Z,sell,5e-07,650.0,0.000325
MTH/BTC,1627332881590,2021-07-26T20:54:41.590Z,sell,5e-07,1562.0,0.000781
MTH/BTC,1627333503617,2021-07-26T21:05:03.617Z,buy,5.1e-07,1750.0,0.0008925
MTH/BTC,1627333806201,2021-07-26T21:10:06.201Z,sell,5e-07,2466.0,0.001233
MTH/BTC,1627333806201,2021-07-26T21:10:06.201Z,sell,5e-07,2466.0,0.001233
MTH/BTC,1627334140873,2021-07-26T21:15:40.873Z,buy,5.1e-07,200.0,0.000102
MTH/BTC,1627334212699,2021-07-26T21:16:52.699Z,buy,5.1e-07,368.0,0.00018768
MTH/BTC,1627334750703,2021-07-26T21:25:50.703Z,sell,5e-07,4995.0,0.0024974999999999997
MTH/BTC,1627334920601,2021-07-26T21:28:40.601Z,buy,5.1e-07,200.0,0.000102
MTH/BTC,1627336158518,2021-07-26T21:49:18.518Z,buy,5.1e-07,1618.0,0.00082518
MTH/BTC,1627336752841,2021-07-26T21:59:12.841Z,buy,5.1e-07,1317.0,0.00067167
MTH/BTC,1627337088506,2021-07-26T22:04:48.506Z,buy,5.1e-07,652.0,0.00033252
MTH/BTC,1627337088506,2021-07-26T22:04:48.506Z,buy,5.1e-07,652.0,0.00033252
MTH/BTC,1627337468411,2021-07-26T22:11:08.411Z,sell,5e-07,1000000.0,0.5
MTH/BTC,1627337620785,2021-07-26T22:13:40.785Z,buy,5.1e-07,11765.0,0.00600015
MTH/BTC,1627338057883,2021-07-26T22:20:57.883Z,buy,5.1e-07,8099.0,0.00413049
MTH/BTC,1627338310548,2021-07-26T22:25:10.548Z,sell,5e-07,1139.0,0.0005695
MTH/BTC,1627338898688,2021-07-26T22:34:58.688Z,buy,5.1e-07,200.0,0.000102
MTH/BTC,1627339959336,2021-07-26T22:52:39.336Z,buy,5.1e-07,2156.0,0.00109956
MTH/BTC,1627340229168,2021-07-26T22:57:09.168Z,sell,5e-07,376.0,0.000188
MTH/BTC,1627340240577,2021-07-26T22:57:20.577Z,sell,5e-07,4781.0,0.0023905
MTH/BTC,1627340240577,2021-07-26T22:57:20.577Z,sell,5e-07,4781.0,0.0023905
MTH/BTC,1627340709403,2021-07-26T23:05:09.403Z,buy,5.1e-07,2536.0,0.00129336
MTH/BTC,1627340896802,2021-07-26T23:08:16.802Z,sell,5e-07,1658.0,0.000829
MTH/BTC,1627340961476,2021-07-26T23:09:21.476Z,sell,5e-07,316.0,0.000158
MTH/BTC,1627341075705,2021-07-26T23:11:15.705Z,buy,5.1e-07,200.0,0.000102
MTH/BTC,1627341075705,2021-07-26T23:11:15.705Z,buy,5.1e-07,200.0,0.000102
MTH/BTC,1627344225748,2021-07-27T00:03:45.748Z,sell,5e-07,2071.0,0.0010355
MTH/BTC,1627344430591,2021-07-27T00:07:10.591Z,sell,5e-07,36782.0,0.018390999999999998
MTH/BTC,1627344489364,2021-07-27T00:08:09.364Z,sell,5e-07,4407.0,0.0022034999999999997
MTH/BTC,1627344489364,2021-07-27T00:08:09.364Z,sell,5e-07,4407.0,0.0022034999999999997
MTH/BTC,1627344770465,2021-07-27T00:12:50.465Z,sell,5e-07,851.0,0.0004255
MTH/BTC,1627345121863,2021-07-27T00:18:41.863Z,buy,5.1e-07,246.0,0.00012546
MTH/BTC,1627345999014,2021-07-27T00:33:19.014Z,buy,5.1e-07,41597.0,0.02121447
MTH/BTC,1627346182613,2021-07-27T00:36:22.613Z,buy,5.1e-07,2340.0,0.0011934
MTH/BTC,1627347825736,2021-07-27T01:03:45.736Z,sell,5e-07,1606.0,0.000803
MTH/BTC,1627348029661,2021-07-27T01:07:09.661Z,sell,5e-07,3500.0,0.0017499999999999998
MTH/BTC,1627348035709,2021-07-27T01:07:15.709Z,buy,5.1e-07,200.0,0.000102
MTH/BTC,1627348035709,2021-07-27T01:07:15.709Z,buy,5.1e-07,200.0,0.000102
MTH/BTC,1627349323754,2021-07-27T01:28:43.754Z,sell,5e-07,3561.0,0.0017805
MTH/BTC,1627349356080,2021-07-27T01:29:16.080Z,sell,5e-07,13691.0,0.0068455
MTH/BTC,1627349356308,2021-07-27T01:29:16.308Z,sell,5e-07,6000.0,0.003
MTH/BTC,1627349356313,2021-07-27T01:29:16.313Z,sell,5e-07,6000.0,0.003
MTH/BTC,1627349508740,2021-07-27T01:31:48.740Z,buy,5.1e-07,200.0,0.000102
MTH/BTC,1627349608002,2021-07-27T01:33:28.002Z,buy,5.1e-07,224.0,0.00011423999999999999
MTH/BTC,1627350827509,2021-07-27T01:53:47.509Z,buy,5.1e-07,1471.0,0.00075021
MTH/BTC,1627350827616,2021-07-27T01:53:47.616Z,buy,5.1e-07,981.0,0.00050031
MTH/BTC,1627350827684,2021-07-27T01:53:47.684Z,buy,5.1e-07,981.0,0.00050031
MTH/BTC,1627351221380,2021-07-27T02:00:21.380Z,sell,5e-07,994.0,0.0004969999999999999
MTH/BTC,1627351324193,2021-07-27T02:02:04.193Z,buy,5.1e-07,200.0,0.000102
MTH/BTC,1627351425989,2021-07-27T02:03:45.989Z,sell,5e-07,3332.0,0.001666
MTH/BTC,1627351425989,2021-07-27T02:03:45.989Z,sell,5e-07,3332.0,0.001666
MTH/BTC,1627352043556,2021-07-27T02:14:03.556Z,buy,5.1e-07,1868.0,0.00095268
MTH/BTC,1627352421185,2021-07-27T02:20:21.185Z,sell,5e-07,5274.0,0.002637
MTH/BTC,1627353494208,2021-07-27T02:38:14.208Z,sell,5e-07,29905.0,0.014952499999999999
MTH/BTC,1627353905236,2021-07-27T02:45:05.236Z,buy,5.1e-07,200.0,0.000102
MTH/BTC,1627354605431,2021-07-27T02:56:45.431Z,buy,5.1e-07,5298.0,0.00270198
MTH/BTC,1627354605431,2021-07-27T02:56:45.431Z,buy,5.1e-07,5298.0,0.00270198
MTH/BTC,1627355036513,2021-07-27T03:03:56.513Z,sell,5e-07,604.0,0.00030199999999999997
MTH/BTC,1627355267962,2021-07-27T03:07:47.962Z,sell,5e-07,6799.0,0.0033994999999999997
MTH/BTC,1627355586894,2021-07-27T03:13:06.894Z,sell,5e-07,2716.0,0.0013579999999999998
MTH/BTC,1627356172285,2021-07-27T03:22:52.285Z,sell,5e-07,285.0,0.0001425
MTH/BTC,1627356408931,2021-07-27T03:26:48.931Z,sell,5e-07,44162.0,0.022081
MTH/BTC,1627356408931,2021-07-27T03:26:48.931Z,sell,5e-07,44162.0,0.022081
MTH/BTC,1627358682901,2021-07-27T04:04:42.901Z,buy,5.1e-07,4827.0,0.00246177
MTH/BTC,1627358682901,2021-07-27T04:04:42.901Z,buy,5.1e-07,4827.0,0.00246177
MTH/BTC,1627361301325,2021-07-27T04:48:21.325Z,buy,5.1e-07,8000.0,0.00408
MTH/BTC,1627362219814,2021-07-27T05:03:39.814Z,sell,5e-07,9631.0,0.0048154999999999995
MTH/BTC,1627362219814,2021-07-27T05:03:39.814Z,sell,5e-07,9631.0,0.0048154999999999995
MTH/BTC,1627363825268,2021-07-27T05:30:25.268Z,buy,5.1e-07,967.0,0.00049317
MTH/BTC,1627363896812,2021-07-27T05:31:36.812Z,sell,5e-07,412.0,0.000206
MTH/BTC,1627364602760,2021-07-27T05:43:22.760Z,buy,5.1e-07,418.0,0.00021318
MTH/BTC,1627364655528,2021-07-27T05:44:15.528Z,buy,5.1e-07,500.0,0.000255
MTH/BTC,1627364655528,2021-07-27T05:44:15.528Z,buy,5.1e-07,500.0,0.000255
MTH/BTC,1627365893632,2021-07-27T06:04:53.632Z,buy,5.1e-07,1982.0,0.00101082
MTH/BTC,1627366735849,2021-07-27T06:18:55.849Z,sell,5e-07,5298.0,0.002649
MTH/BTC,1627368036398,2021-07-27T06:40:36.398Z,sell,5e-07,5166.0,0.002583
MTH/BTC,1627368036398,2021-07-27T06:40:36.398Z,sell,5e-07,5166.0,0.002583
MTH/BTC,1627369494844,2021-07-27T07:04:54.844Z,buy,5.1e-07,2844.0,0.0014504399999999999
MTH/BTC,1627369590392,2021-07-27T07:06:30.392Z,buy,5.1e-07,745.0,0.00037995
MTH/BTC,1627369614315,2021-07-27T07:06:54.315Z,buy,5.1e-07,2894.0,0.00147594
MTH/BTC,1627369800196,2021-07-27T07:10:00.196Z,sell,5e-07,30855.0,0.015427499999999999
MTH/BTC,1627370350321,2021-07-27T07:19:10.321Z,buy,5.1e-07,199.0,0.00010148999999999999
MTH/BTC,1627370658183,2021-07-27T07:24:18.183Z,sell,5e-07,10649.0,0.005324499999999999
MTH/BTC,1627371368324,2021-07-27T07:36:08.324Z,sell,5e-07,7832.0,0.003916
MTH/BTC,1627371368324,2021-07-27T07:36:08.324Z,sell,5e-07,7832.0,0.003916
MTH/BTC,1627372872754,2021-07-27T08:01:12.754Z,buy,5.1e-07,1112.0,0.00056712
MTH/BTC,1627373089203,2021-07-27T08:04:49.203Z,buy,5.1e-07,1617.0,0.00082467
MTH/BTC,1627373193356,2021-07-27T08:06:33.356Z,sell,5e-07,275.0,0.00013749999999999998
MTH/BTC,1627373831163,2021-07-27T08:17:11.163Z,buy,5.1e-07,200.0,0.000102
MTH/BTC,1627374021786,2021-07-27T08:20:21.786Z,sell,5e-07,451.0,0.00022549999999999998
MTH/BTC,1627374523094,2021-07-27T08:28:43.094Z,sell,5e-07,888.0,0.000444
MTH/BTC,1627374523094,2021-07-27T08:28:43.094Z,sell,5e-07,888.0,0.000444
MTH/BTC,1627375919422,2021-07-27T08:51:59.422Z,sell,5e-07,578.0,0.000289
MTH/BTC,1627376183212,2021-07-27T08:56:23.212Z,buy,5.1e-07,5000.0,0.0025499999999999997
MTH/BTC,1627376659774,2021-07-27T09:04:19.774Z,sell,5e-07,226.0,0.000113
MTH/BTC,1627377335355,2021-07-27T09:15:35.355Z,buy,5.1e-07,4531.0,0.00231081
MTH/BTC,1627378115573,2021-07-27T09:28:35.573Z,sell,5e-07,1039.0,0.0005195
MTH/BTC,1627378115573,2021-07-27T09:28:35.573Z,sell,5e-07,1039.0,0.0005195
MTH/BTC,1627378238870,2021-07-27T09:30:38.870Z,buy,5.1e-07,200.0,0.000102
MTH/BTC,1627378553442,2021-07-27T09:35:53.442Z,sell,5e-07,7500.0,0.00375
MTH/BTC,1627378801772,2021-07-27T09:40:01.772Z,buy,5.1e-07,268.0,0.00013668
MTH/BTC,1627379791063,2021-07-27T09:56:31.063Z,buy,5.1e-07,205.0,0.00010455
MTH/BTC,1627380291779,2021-07-27T10:04:51.779Z,sell,5e-07,2076.0,0.0010379999999999999
MTH/BTC,1627381165694,2021-07-27T10:19:25.694Z,sell,5e-07,2891.0,0.0014455
MTH/BTC,1627381543049,2021-07-27T10:25:43.049Z,buy,5.1e-07,29789.0,0.01519239
MTH/BTC,1627381639792,2021-07-27T10:27:19.792Z,buy,5.1e-07,2832.0,0.00144432
MTH/BTC,1627381639792,2021-07-27T10:27:19.792Z,buy,5.1e-07,2832.0,0.00144432
MTH/BTC,1627381777298,2021-07-27T10:29:37.298Z,buy,5.1e-07,4109.0,0.00209559
MTH/BTC,1627382556333,2021-07-27T10:42:36.333Z,buy,5.1e-07,11845.0,0.00604095
MTH/BTC,1627382989591,2021-07-27T10:49:49.591Z,sell,5e-07,589.0,0.0002945
MTH/BTC,1627383459047,2021-07-27T10:57:39.047Z,sell,5e-07,2832.0,0.001416
MTH/BTC,1627383476716,2021-07-27T10:57:56.716Z,sell,5e-07,4102.0,0.002051
MTH/BTC,1627383514867,2021-07-27T10:58:34.867Z,buy,5.1e-07,200.0,0.000102
MTH/BTC,1627383878143,2021-07-27T11:04:38.143Z,buy,5.1e-07,697.0,0.00035547
MTH/BTC,1627383878143,2021-07-27T11:04:38.143Z,buy,5.1e-07,697.0,0.00035547
MTH/BTC,1627386475215,2021-07-27T11:47:55.215Z,sell,5e-07,2185.0,0.0010925
MTH/BTC,1627387245298,2021-07-27T12:00:45.298Z,sell,5e-07,863.0,0.00043149999999999997
MTH/BTC,1627387250639,2021-07-27T12:00:50.639Z,buy,5.1e-07,200.0,0.000102
MTH/BTC,1627387287783,2021-07-27T12:01:27.783Z,sell,5e-07,778.0,0.00038899999999999997
MTH/BTC,1627387287783,2021-07-27T12:01:27.783Z,sell,5e-07,778.0,0.00038899999999999997
MTH/BTC,1627387478379,2021-07-27T12:04:38.379Z,buy,5.1e-07,725.0,0.00036975
MTH/BTC,1627387626806,2021-07-27T12:07:06.806Z,buy,5.1e-07,9819.0,0.0050076899999999995
MTH/BTC,1627390454222,2021-07-27T12:54:14.222Z,buy,5.1e-07,76470.0,0.0389997
MTH/BTC,1627390454222,2021-07-27T12:54:14.222Z,buy,5.1e-07,76470.0,0.0389997
MTH/BTC,1627391039921,2021-07-27T13:03:59.921Z,sell,5e-07,577.0,0.00028849999999999997
MTH/BTC,1627391876193,2021-07-27T13:17:56.193Z,buy,5.1e-07,200.0,0.000102
MTH/BTC,1627392632577,2021-07-27T13:30:32.577Z,buy,5.1e-07,1798.0,0.00091698
MTH/BTC,1627393165043,2021-07-27T13:39:25.043Z,buy,5.1e-07,400.0,0.000204
MTH/BTC,1627393249459,2021-07-27T13:40:49.459Z,sell,5e-07,802.0,0.000401
MTH/BTC,1627393972474,2021-07-27T13:52:52.474Z,buy,5.1e-07,200.0,0.000102
MTH/BTC,1627393984525,2021-07-27T13:53:04.525Z,buy,5.1e-07,7080.0,0.0036108
MTH/BTC,1627393984525,2021-07-27T13:53:04.525Z,buy,5.1e-07,7080.0,0.0036108
MTH/BTC,1627394319255,2021-07-27T13:58:39.255Z,sell,5e-07,11819.0,0.0059095
MTH/BTC,1627394333091,2021-07-27T13:58:53.091Z,buy,5.1e-07,200.0,0.000102
MTH/BTC,1627394681161,2021-07-27T14:04:41.161Z,buy,5.1e-07,555.0,0.00028304999999999997
MTH/BTC,1627394786143,2021-07-27T14:06:26.143Z,sell,5e-07,723.0,0.0003615
MTH/BTC,1627395335425,2021-07-27T14:15:35.425Z,sell,5e-07,7072.0,0.0035359999999999996
MTH/BTC,1627395352250,2021-07-27T14:15:52.250Z,sell,5e-07,777.0,0.00038849999999999996
MTH/BTC,1627395378595,2021-07-27T14:16:18.595Z,sell,5e-07,339.0,0.0001695
MTH/BTC,1627396158735,2021-07-27T14:29:18.735Z,sell,5e-07,606.0,0.000303
MTH/BTC,1627396268667,2021-07-27T14:31:08.667Z,buy,5.1e-07,200.0,0.000102
MTH/BTC,1627396567549,2021-07-27T14:36:07.549Z,buy,5.1e-07,423.0,0.00021573
MTH/BTC,1627396674109,2021-07-27T14:37:54.109Z,sell,5e-07,606.0,0.000303
MTH/BTC,1627396674109,2021-07-27T14:37:54.109Z,sell,5e-07,606.0,0.000303
MTH/BTC,1627398137161,2021-07-27T15:02:17.161Z,buy,5.1e-07,2000.0,0.00102
MTH/BTC,1627398291262,2021-07-27T15:04:51.262Z,buy,5.1e-07,1550.0,0.0007905
MTH/BTC,1627398291262,2021-07-27T15:04:51.262Z,buy,5.1e-07,1550.0,0.0007905
MTH/BTC,1627400865677,2021-07-27T15:47:45.677Z,buy,5.1e-07,631.0,0.00032181
MTH/BTC,1627400895650,2021-07-27T15:48:15.650Z,sell,5e-07,630.0,0.00031499999999999996
MTH/BTC,1627401239009,2021-07-27T15:53:59.009Z,sell,5e-07,5406.0,0.0027029999999999997
MTH/BTC,1627401834775,2021-07-27T16:03:54.775Z,sell,5e-07,1369.0,0.0006845
MTH/BTC,1627401834775,2021-07-27T16:03:54.775Z,sell,5e-07,1369.0,0.0006845
MTH/BTC,1627404124738,2021-07-27T16:42:04.738Z,buy,5.1e-07,200.0,0.000102
MTH/BTC,1627405144064,2021-07-27T16:59:04.064Z,buy,5.1e-07,4129.0,0.0021057899999999997
MTH/BTC,1627405423318,2021-07-27T17:03:43.318Z,sell,5e-07,2659.0,0.0013295
MTH/BTC,1627405423318,2021-07-27T17:03:43.318Z,sell,5e-07,2659.0,0.0013295
MTH/BTC,1627405780755,2021-07-27T17:09:40.755Z,sell,5e-07,3059.0,0.0015294999999999998
MTH/BTC,1627406691101,2021-07-27T17:24:51.101Z,buy,5.1e-07,200.0,0.000102
MTH/BTC,1627408517651,2021-07-27T17:55:17.651Z,sell,5e-07,17845.0,0.0089225
MTH/BTC,1627408668628,2021-07-27T17:57:48.628Z,sell,5e-07,706.0,0.00035299999999999996
MTH/BTC,1627408868732,2021-07-27T18:01:08.732Z,sell,5e-07,900.0,0.00045
MTH/BTC,1627408868732,2021-07-27T18:01:08.732Z,sell,5e-07,900.0,0.00045
MTH/BTC,1627409064865,2021-07-27T18:04:24.865Z,sell,5e-07,370.0,0.000185
MTH/BTC,1627409112159,2021-07-27T18:05:12.159Z,buy,5.1e-07,200.0,0.000102
MTH/BTC,1627411539678,2021-07-27T18:45:39.678Z,sell,5e-07,587.0,0.0002935
MTH/BTC,1627411834296,2021-07-27T18:50:34.296Z,sell,5e-07,2769.0,0.0013844999999999999
MTH/BTC,1627411889945,2021-07-27T18:51:29.945Z,sell,5e-07,783.0,0.0003915
MTH/BTC,1627412062463,2021-07-27T18:54:22.463Z,buy,5.1e-07,200.0,0.000102
MTH/BTC,1627412062463,2021-07-27T18:54:22.463Z,buy,5.1e-07,200.0,0.000102
MTH/BTC,1627412630381,2021-07-27T19:03:50.381Z,sell,5e-07,2208.0,0.001104
MTH/BTC,1627413647832,2021-07-27T19:20:47.832Z,buy,5.1e-07,200.0,0.000102
MTH/BTC,1627415029452,2021-07-27T19:43:49.452Z,buy,5.1e-07,143423.0,0.07314572999999999
MTH/BTC,1627415029452,2021-07-27T19:43:49.452Z,buy,5.1e-07,143423.0,0.07314572999999999
MTH/BTC,1627415779514,2021-07-27T19:56:19.514Z,buy,5.1e-07,3333.0,0.00169983
MTH/BTC,1627415923679,2021-07-27T19:58:43.679Z,buy,5.1e-07,4366.0,0.00222666
MTH/BTC,1627416231807,2021-07-27T20:03:51.807Z,sell,5e-07,1403.0,0.0007015
MTH/BTC,1627416357617,2021-07-27T20:05:57.617Z,buy,5.1e-07,8627.0,0.00439977
MTH/BTC,1627417032970,2021-07-27T20:17:12.970Z,buy,5.1e-07,300.0,0.000153
MTH/BTC,1627417712881,2021-07-27T20:28:32.881Z,buy,5.1e-07,1961.0,0.00100011
MTH/BTC,1627417712900,2021-07-27T20:28:32.900Z,buy,5.1e-07,981.0,0.00050031
MTH/BTC,1627417712993,2021-07-27T20:28:32.993Z,buy,5.1e-07,981.0,0.00050031
MTH/BTC,1627417902314,2021-07-27T20:31:42.314Z,sell,5e-07,465.0,0.00023249999999999999
MTH/BTC,1627418117570,2021-07-27T20:35:17.570Z,sell,5e-07,3500.0,0.0017499999999999998
MTH/BTC,1627418125241,2021-07-27T20:35:25.241Z,buy,5.1e-07,200.0,0.000102
MTH/BTC,1627418125241,2021-07-27T20:35:25.241Z,buy,5.1e-07,200.0,0.000102
MTH/BTC,1627419864162,2021-07-27T21:04:24.162Z,sell,5e-07,3333.0,0.0016665
MTH/BTC,1627419955363,2021-07-27T21:05:55.363Z,sell,5e-07,2229.0,0.0011145
MTH/BTC,1627420370055,2021-07-27T21:12:50.055Z,buy,5.1e-07,200.0,0.000102
MTH/BTC,1627420370055,2021-07-27T21:12:50.055Z,buy,5.1e-07,200.0,0.000102
MTH/BTC,1627423474944,2021-07-27T22:04:34.944Z,buy,5.1e-07,947.0,0.00048297
MTH/BTC,1627423593229,2021-07-27T22:06:33.229Z,buy,5.1e-07,474.0,0.00024174
MTH/BTC,1627423593229,2021-07-27T22:06:33.229Z,buy,5.1e-07,474.0,0.00024174
MTH/BTC,1627426060799,2021-07-27T22:47:40.799Z,buy,5.1e-07,1722.0,0.00087822
MTH/BTC,1627427033042,2021-07-27T23:03:53.042Z,sell,5e-07,9068.0,0.004534
MTH/BTC,1627427099127,2021-07-27T23:04:59.127Z,sell,5e-07,499.0,0.0002495
MTH/BTC,1627427099127,2021-07-27T23:04:59.127Z,sell,5e-07,499.0,0.0002495
MTH/BTC,1627427201947,2021-07-27T23:06:41.947Z,buy,5.1e-07,200.0,0.000102
MTH/BTC,1627428983492,2021-07-27T23:36:23.492Z,buy,5.1e-07,856.0,0.00043656
MTH/BTC,1627429441560,2021-07-27T23:44:01.560Z,sell,5e-07,706.0,0.00035299999999999996
MTH/BTC,1627429937357,2021-07-27T23:52:17.357Z,sell,5e-07,814.0,0.00040699999999999997
MTH/BTC,1627430085790,2021-07-27T23:54:45.790Z,buy,5.1e-07,200.0,0.000102
MTH/BTC,1627430273755,2021-07-27T23:57:53.755Z,buy,5.1e-07,4998.0,0.0025489799999999997
MTH/BTC,1627430563604,2021-07-28T00:02:43.604Z,buy,5.1e-07,506.0,0.00025806
MTH/BTC,1627430563604,2021-07-28T00:02:43.604Z,buy,5.1e-07,506.0,0.00025806
MTH/BTC,1627430728518,2021-07-28T00:05:28.518Z,buy,5.1e-07,2529.0,0.0012897899999999999
MTH/BTC,1627432992768,2021-07-28T00:43:12.768Z,buy,5.1e-07,5702.0,0.00290802
MTH/BTC,1627432992768,2021-07-28T00:43:12.768Z,buy,5.1e-07,5702.0,0.00290802
MTH/BTC,1627434230358,2021-07-28T01:03:50.358Z,sell,5e-07,4951.0,0.0024755
MTH/BTC,1627434610164,2021-07-28T01:10:10.164Z,buy,5.1e-07,200.0,0.000102
MTH/BTC,1627434610164,2021-07-28T01:10:10.164Z,buy,5.1e-07,200.0,0.000102
MTH/BTC,1627437890954,2021-07-28T02:04:50.954Z,sell,5e-07,9723.0,0.0048614999999999995
MTH/BTC,1627437911909,2021-07-28T02:05:11.909Z,buy,5.1e-07,3592.0,0.00183192
MTH/BTC,1627437911909,2021-07-28T02:05:11.909Z,buy,5.1e-07,3592.0,0.00183192
MTH/BTC,1627438616447,2021-07-28T02:16:56.447Z,buy,5.1e-07,774.0,0.00039474
MTH/BTC,1627439974928,2021-07-28T02:39:34.928Z,buy,5.1e-07,2350.0,0.0011985
MTH/BTC,1627440650087,2021-07-28T02:50:50.087Z,sell,5e-07,1106.0,0.000553
MTH/BTC,1627440885165,2021-07-28T02:54:45.165Z,buy,5.1e-07,200.0,0.000102
MTH/BTC,1627441112325,2021-07-28T02:58:32.325Z,sell,5e-07,2819.0,0.0014095
MTH/BTC,1627441510267,2021-07-28T03:05:10.267Z,buy,5.1e-07,2647.0,0.00134997
MTH/BTC,1627441510267,2021-07-28T03:05:10.267Z,buy,5.1e-07,2647.0,0.00134997
MTH/BTC,1627444348747,2021-07-28T03:52:28.747Z,buy,5.1e-07,544.0,0.00027744
MTH/BTC,1627444588401,2021-07-28T03:56:28.401Z,sell,5e-07,2530.0,0.0012649999999999998
MTH/BTC,1627444917719,2021-07-28T04:01:57.719Z,sell,5e-07,423.0,0.0002115
MTH/BTC,1627444917719,2021-07-28T04:01:57.719Z,sell,5e-07,423.0,0.0002115
MTH/BTC,1627445112770,2021-07-28T04:05:12.770Z,buy,5.1e-07,2040.0,0.0010404
MTH/BTC,1627445641125,2021-07-28T04:14:01.125Z,buy,5.1e-07,2077.0,0.00105927
MTH/BTC,1627445983310,2021-07-28T04:19:43.310Z,buy,5.1e-07,333.0,0.00016983
MTH/BTC,1627446135676,2021-07-28T04:22:15.676Z,sell,5e-07,1000.0,0.0005
MTH/BTC,1627446624175,2021-07-28T04:30:24.175Z,buy,5.1e-07,1000.0,0.00051
MTH/BTC,1627448287222,2021-07-28T04:58:07.222Z,sell,5e-07,1000.0,0.0005
MTH/BTC,1627448454000,2021-07-28T05:00:54.000Z,sell,5e-07,4542.0,0.002271
MTH/BTC,1627448454000,2021-07-28T05:00:54.000Z,sell,5e-07,4542.0,0.002271
MTH/BTC,1627448710175,2021-07-28T05:05:10.175Z,buy,5.1e-07,1883.0,0.00096033
MTH/BTC,1627449073376,2021-07-28T05:11:13.376Z,sell,5e-07,957.0,0.0004785
MTH/BTC,1627449721326,2021-07-28T05:22:01.326Z,sell,5e-07,428.0,0.000214
MTH/BTC,1627449777263,2021-07-28T05:22:57.263Z,buy,5.1e-07,1784.0,0.00090984
MTH/BTC,1627449974819,2021-07-28T05:26:14.819Z,sell,5e-07,392.0,0.000196
MTH/BTC,1627451923968,2021-07-28T05:58:43.968Z,sell,5e-07,365.0,0.0001825
MTH/BTC,1627451923968,2021-07-28T05:58:43.968Z,sell,5e-07,365.0,0.0001825
MTH/BTC,1627452206040,2021-07-28T06:03:26.040Z,sell,5e-07,1926.0,0.000963
MTH/BTC,1627452314121,2021-07-28T06:05:14.121Z,buy,5.1e-07,1791.0,0.00091341
MTH/BTC,1627453366066,2021-07-28T06:22:46.066Z,buy,5.1e-07,748.0,0.00038148
MTH/BTC,1627453644539,2021-07-28T06:27:24.539Z,sell,5e-07,747.0,0.00037349999999999997
MTH/BTC,1627453776249,2021-07-28T06:29:36.249Z,sell,5e-07,543.0,0.0002715
MTH/BTC,1627454467727,2021-07-28T06:41:07.727Z,buy,5.1e-07,122697.0,0.06257547
MTH/BTC,1627454796718,2021-07-28T06:46:36.718Z,buy,5.1e-07,498.0,0.00025398
MTH/BTC,1627454796718,2021-07-28T06:46:36.718Z,buy,5.1e-07,498.0,0.00025398
MTH/BTC,1627455841976,2021-07-28T07:04:01.976Z,sell,5e-07,1623.0,0.0008114999999999999
MTH/BTC,1627456061603,2021-07-28T07:07:41.603Z,sell,5e-07,333.0,0.00016649999999999998
MTH/BTC,1627456062008,2021-07-28T07:07:42.008Z,sell,5e-07,2000.0,0.001
MTH/BTC,1627456859894,2021-07-28T07:20:59.894Z,buy,5.1e-07,1141.0,0.0005819099999999999
MTH/BTC,1627457362718,2021-07-28T07:29:22.718Z,buy,5.1e-07,11492.0,0.0058609199999999995
MTH/BTC,1627457486163,2021-07-28T07:31:26.163Z,buy,5.1e-07,11493.0,0.00586143
MTH/BTC,1627457486163,2021-07-28T07:31:26.163Z,buy,5.1e-07,11493.0,0.00586143
MTH/BTC,1627458478537,2021-07-28T07:47:58.537Z,sell,5e-07,1421.0,0.0007105
MTH/BTC,1627458504929,2021-07-28T07:48:24.929Z,buy,5.1e-07,1961.0,0.00100011
MTH/BTC,1627458505030,2021-07-28T07:48:25.030Z,buy,5.1e-07,236.0,0.00012035999999999999
MTH/BTC,1627458505059,2021-07-28T07:48:25.059Z,buy,5.1e-07,981.0,0.00050031
MTH/BTC,1627458711812,2021-07-28T07:51:51.812Z,sell,5e-07,12955.0,0.0064775
MTH/BTC,1627459482922,2021-07-28T08:04:42.922Z,buy,5.1e-07,711.0,0.00036260999999999997
MTH/BTC,1627460384367,2021-07-28T08:19:44.367Z,sell,5e-07,999.0,0.0004994999999999999
MTH/BTC,1627460385961,2021-07-28T08:19:45.961Z,sell,5e-07,999.0,0.0004994999999999999
MTH/BTC,1627460385961,2021-07-28T08:19:45.961Z,sell,5e-07,999.0,0.0004994999999999999
MTH/BTC,1627461329300,2021-07-28T08:35:29.300Z,sell,5e-07,2310.0,0.001155
MTH/BTC,1627461462956,2021-07-28T08:37:42.956Z,buy,5.1e-07,521.0,0.00026571
MTH/BTC,1627462326252,2021-07-28T08:52:06.252Z,sell,5e-07,20508.0,0.010254
MTH/BTC,1627462331315,2021-07-28T08:52:11.315Z,sell,5e-07,20509.0,0.0102545
MTH/BTC,1627462617932,2021-07-28T08:56:57.932Z,sell,5e-07,1414.0,0.000707
MTH/BTC,1627462728683,2021-07-28T08:58:48.683Z,sell,5e-07,11843.0,0.0059215
MTH/BTC,1627462845272,2021-07-28T09:00:45.272Z,sell,5e-07,1532.0,0.000766
MTH/BTC,1627463119323,2021-07-28T09:05:19.323Z,buy,5.1e-07,4088.0,0.00208488
MTH/BTC,1627463286058,2021-07-28T09:08:06.058Z,sell,5e-07,144125.0,0.0720625
MTH/BTC,1627463333505,2021-07-28T09:08:53.505Z,sell,5e-07,75335.0,0.0376675
MTH/BTC,1627463535421,2021-07-28T09:12:15.421Z,sell,5e-07,5563.0,0.0027814999999999997
MTH/BTC,1627463535421,2021-07-28T09:12:15.421Z,sell,5e-07,5563.0,0.0027814999999999997
MTH/BTC,1627464485954,2021-07-28T09:28:05.954Z,sell,5e-07,473.0,0.0002365
MTH/BTC,1627464563775,2021-07-28T09:29:23.775Z,sell,5e-07,5696.0,0.002848
MTH/BTC,1627464574436,2021-07-28T09:29:34.436Z,sell,5e-07,4542.0,0.002271
MTH/BTC,1627464771345,2021-07-28T09:32:51.345Z,buy,5.1e-07,200.0,0.000102
MTH/BTC,1627464946447,2021-07-28T09:35:46.447Z,sell,5e-07,1646.0,0.000823
MTH/BTC,1627464980346,2021-07-28T09:36:20.346Z,buy,5.1e-07,11037.0,0.00562887
MTH/BTC,1627465846929,2021-07-28T09:50:46.929Z,buy,5.1e-07,2347.0,0.00119697
MTH/BTC,1627466125744,2021-07-28T09:55:25.744Z,sell,5e-07,1631.0,0.0008154999999999999
MTH/BTC,1627466420143,2021-07-28T10:00:20.143Z,buy,5.1e-07,1879.0,0.00095829
MTH/BTC,1627466516468,2021-07-28T10:01:56.468Z,sell,5e-07,770.0,0.000385
MTH/BTC,1627466701386,2021-07-28T10:05:01.386Z,buy,5.1e-07,2808.0,0.00143208
MTH/BTC,1627466701386,2021-07-28T10:05:01.386Z,buy,5.1e-07,2808.0,0.00143208
MTH/BTC,1627467173562,2021-07-28T10:12:53.562Z,buy,5.1e-07,247.0,0.00012597
MTH/BTC,1627467198024,2021-07-28T10:13:18.024Z,sell,5e-07,645.0,0.0003225
MTH/BTC,1627467294075,2021-07-28T10:14:54.075Z,buy,5.1e-07,358.0,0.00018258
MTH/BTC,1627467400210,2021-07-28T10:16:40.210Z,buy,5.1e-07,200.0,0.000102
MTH/BTC,1627467410406,2021-07-28T10:16:50.406Z,buy,5.1e-07,6157.0,0.00314007
MTH/BTC,1627467610882,2021-07-28T10:20:10.882Z,buy,5.1e-07,199.0,0.00010148999999999999
MTH/BTC,1627467611796,2021-07-28T10:20:11.796Z,buy,5.1e-07,199.0,0.00010148999999999999
MTH/BTC,1627467700591,2021-07-28T10:21:40.591Z,buy,5.1e-07,199.0,0.00010148999999999999
MTH/BTC,1627467820259,2021-07-28T10:23:40.259Z,buy,5.1e-07,199.0,0.00010148999999999999
MTH/BTC,1627468383268,2021-07-28T10:33:03.268Z,sell,5e-07,100000.0,0.049999999999999996
MTH/BTC,1627468414122,2021-07-28T10:33:34.122Z,sell,5e-07,392.0,0.000196
MTH/BTC,1627468542205,2021-07-28T10:35:42.205Z,sell,5e-07,1721.0,0.0008604999999999999
MTH/BTC,1627469017790,2021-07-28T10:43:37.790Z,sell,5e-07,1877.0,0.0009385
MTH/BTC,1627469018275,2021-07-28T10:43:38.275Z,sell,5e-07,11753.0,0.0058765
MTH/BTC,1627470089081,2021-07-28T11:01:29.081Z,sell,5e-07,5152.0,0.0025759999999999997
MTH/BTC,1627470233979,2021-07-28T11:03:53.979Z,buy,5.1e-07,200.0,0.000102
MTH/BTC,1627470245163,2021-07-28T11:04:05.163Z,sell,5e-07,1392.0,0.000696
MTH/BTC,1627470251974,2021-07-28T11:04:11.974Z,buy,5.1e-07,4062.0,0.00207162
MTH/BTC,1627470251974,2021-07-28T11:04:11.974Z,buy,5.1e-07,4062.0,0.00207162
MTH/BTC,1627470403588,2021-07-28T11:06:43.588Z,sell,5e-07,41852.0,0.020926
MTH/BTC,1627470802335,2021-07-28T11:13:22.335Z,sell,5e-07,28705.0,0.014352499999999999
MTH/BTC,1627470803691,2021-07-28T11:13:23.691Z,sell,5e-07,785.0,0.0003925
MTH/BTC,1627471671135,2021-07-28T11:27:51.135Z,buy,5.1e-07,1890.0,0.0009639
MTH/BTC,1627471692332,2021-07-28T11:28:12.332Z,buy,5.1e-07,199.0,0.00010148999999999999
MTH/BTC,1627471877763,2021-07-28T11:31:17.763Z,buy,5.1e-07,5778.0,0.00294678
MTH/BTC,1627471918088,2021-07-28T11:31:58.088Z,sell,5e-07,3761.0,0.0018805
MTH/BTC,1627472060538,2021-07-28T11:34:20.538Z,sell,5e-07,6160.0,0.00308
MTH/BTC,1627472952019,2021-07-28T11:49:12.019Z,buy,5.1e-07,200.0,0.000102
MTH/BTC,1627473318357,2021-07-28T11:55:18.357Z,buy,5.1e-07,1224.0,0.00062424
MTH/BTC,1627473394687,2021-07-28T11:56:34.687Z,sell,5e-07,1101.0,0.0005505
MTH/BTC,1627473844281,2021-07-28T12:04:04.281Z,sell,5e-07,438.0,0.00021899999999999998
MTH/BTC,1627473844281,2021-07-28T12:04:04.281Z,sell,5e-07,438.0,0.00021899999999999998
MTH/BTC,1627473891691,2021-07-28T12:04:51.691Z,sell,5e-07,13958.0,0.006979
MTH/BTC,1627473942011,2021-07-28T12:05:42.011Z,sell,5e-07,6150.0,0.003075
MTH/BTC,1627474017697,2021-07-28T12:06:57.697Z,sell,5e-07,5778.0,0.002889
MTH/BTC,1627474283507,2021-07-28T12:11:23.507Z,buy,5.1e-07,1036.0,0.00052836
MTH/BTC,1627475327858,2021-07-28T12:28:47.858Z,sell,5e-07,82750.0,0.041374999999999995
MTH/BTC,1627475904586,2021-07-28T12:38:24.586Z,buy,5.1e-07,5615.0,0.00286365
MTH/BTC,1627476394302,2021-07-28T12:46:34.302Z,sell,5e-07,641.0,0.0003205
MTH/BTC,1627476394302,2021-07-28T12:46:34.302Z,sell,5e-07,641.0,0.0003205
MTH/BTC,1627477992594,2021-07-28T13:13:12.594Z,buy,5.1e-07,200.0,0.000102
MTH/BTC,1627478347810,2021-07-28T13:19:07.810Z,buy,5.1e-07,1500.0,0.000765
MTH/BTC,1627478717364,2021-07-28T13:25:17.364Z,sell,5e-07,1563.0,0.0007815
MTH/BTC,1627479135589,2021-07-28T13:32:15.589Z,sell,5e-07,55138.0,0.027569
MTH/BTC,1627479232678,2021-07-28T13:33:52.678Z,sell,5e-07,351.0,0.00017549999999999998
MTH/BTC,1627479232678,2021-07-28T13:33:52.678Z,sell,5e-07,351.0,0.00017549999999999998
MTH/BTC,1627480614455,2021-07-28T13:56:54.455Z,sell,5e-07,1890.0,0.000945
MTH/BTC,1627481050744,2021-07-28T14:04:10.744Z,sell,5e-07,364.0,0.00018199999999999998
MTH/BTC,1627481092562,2021-07-28T14:04:52.562Z,sell,5e-07,5612.0,0.002806
MTH/BTC,1627481805271,2021-07-28T14:16:45.271Z,buy,5.1e-07,691.0,0.00035241
MTH/BTC,1627481805271,2021-07-28T14:16:45.271Z,buy,5.1e-07,691.0,0.00035241
MTH/BTC,1627483435862,2021-07-28T14:43:55.862Z,buy,5.1e-07,23359.0,0.01191309
MTH/BTC,1627483784277,2021-07-28T14:49:44.277Z,buy,5.1e-07,1047.0,0.00053397
MTH/BTC,1627483824099,2021-07-28T14:50:24.099Z,sell,5e-07,889.0,0.00044449999999999996
MTH/BTC,1627483868819,2021-07-28T14:51:08.819Z,buy,5.1e-07,986.0,0.0005028599999999999
MTH/BTC,1627483906925,2021-07-28T14:51:46.925Z,buy,5.1e-07,965.0,0.00049215
MTH/BTC,1627483932294,2021-07-28T14:52:12.294Z,buy,5.1e-07,976.0,0.00049776
MTH/BTC,1627483933529,2021-07-28T14:52:13.529Z,buy,5.1e-07,976.0,0.00049776
MTH/BTC,1627483943952,2021-07-28T14:52:23.952Z,buy,5.1e-07,35494.0,0.01810194
MTH/BTC,1627484629237,2021-07-28T15:03:49.237Z,sell,5e-07,1137.0,0.0005685
MTH/BTC,1627484658100,2021-07-28T15:04:18.100Z,buy,5.1e-07,976.0,0.00049776
MTH/BTC,1627485137230,2021-07-28T15:12:17.230Z,sell,5e-07,266399.0,0.1331995
MTH/BTC,1627485167287,2021-07-28T15:12:47.287Z,buy,5.1e-07,986.0,0.0005028599999999999
MTH/BTC,1627485167287,2021-07-28T15:12:47.287Z,buy,5.1e-07,986.0,0.0005028599999999999
MTH/BTC,1627487259038,2021-07-28T15:47:39.038Z,sell,5e-07,535.0,0.0002675
MTH/BTC,1627487652189,2021-07-28T15:54:12.189Z,buy,5.1e-07,200.0,0.000102
MTH/BTC,1627488033464,2021-07-28T16:00:33.464Z,sell,5e-07,2990.0,0.001495
MTH/BTC,1627488425074,2021-07-28T16:07:05.074Z,buy,5.1e-07,16702.0,0.00851802
MTH/BTC,1627488425074,2021-07-28T16:07:05.074Z,buy,5.1e-07,16702.0,0.00851802
MTH/BTC,1627489479077,2021-07-28T16:24:39.077Z,buy,5.1e-07,500.0,0.000255
MTH/BTC,1627489530683,2021-07-28T16:25:30.683Z,buy,5.1e-07,5000.0,0.0025499999999999997
MTH/BTC,1627489880167,2021-07-28T16:31:20.167Z,sell,5e-07,2991.0,0.0014954999999999999
MTH/BTC,1627491560564,2021-07-28T16:59:20.564Z,buy,5.1e-07,19607.0,0.00999957
MTH/BTC,1627491838236,2021-07-28T17:03:58.236Z,sell,5e-07,411.0,0.00020549999999999998
MTH/BTC,1627491838236,2021-07-28T17:03:58.236Z,sell,5e-07,411.0,0.00020549999999999998
MTH/BTC,1627492638746,2021-07-28T17:17:18.746Z,sell,5e-07,707.0,0.0003535
MTH/BTC,1627492705381,2021-07-28T17:18:25.381Z,buy,5.1e-07,200.0,0.000102
MTH/BTC,1627492912926,2021-07-28T17:21:52.926Z,sell,5e-07,342.0,0.00017099999999999998
MTH/BTC,1627493031761,2021-07-28T17:23:51.761Z,sell,5e-07,49994.0,0.024997
MTH/BTC,1627493117096,2021-07-28T17:25:17.096Z,sell,5e-07,500.0,0.00025
MTH/BTC,1627493209052,2021-07-28T17:26:49.052Z,sell,5e-07,649.0,0.0003245
MTH/BTC,1627493232588,2021-07-28T17:27:12.588Z,sell,5e-07,23359.0,0.011679499999999999
MTH/BTC,1627493263020,2021-07-28T17:27:43.020Z,buy,5.1e-07,200.0,0.000102
MTH/BTC,1627494334607,2021-07-28T17:45:34.607Z,buy,5.1e-07,196.0,9.996e-05
MTH/BTC,1627495266747,2021-07-28T18:01:06.747Z,buy,5.1e-07,1748.0,0.0008914799999999999
MTH/BTC,1627495278343,2021-07-28T18:01:18.343Z,sell,5e-07,1711.0,0.0008554999999999999
MTH/BTC,1627495285034,2021-07-28T18:01:25.034Z,buy,5.1e-07,1729.0,0.00088179
MTH/BTC,1627495291903,2021-07-28T18:01:31.903Z,sell,5e-07,1762.0,0.000881
MTH/BTC,1627495296858,2021-07-28T18:01:36.858Z,buy,5.1e-07,1726.0,0.00088026
MTH/BTC,1627495303478,2021-07-28T18:01:43.478Z,sell,5e-07,1724.0,0.0008619999999999999
MTH/BTC,1627495434077,2021-07-28T18:03:54.077Z,buy,5.1e-07,1369.0,0.00069819
MTH/BTC,1627495434077,2021-07-28T18:03:54.077Z,buy,5.1e-07,1369.0,0.00069819
MTH/BTC,1627495493712,2021-07-28T18:04:53.712Z,buy,5.1e-07,1689.0,0.00086139
MTH/BTC,1627495495196,2021-07-28T18:04:55.196Z,buy,5.1e-07,2454.0,0.00125154
MTH/BTC,1627495498024,2021-07-28T18:04:58.024Z,buy,5.1e-07,953.0,0.00048603
MTH/BTC,1627495514361,2021-07-28T18:05:14.361Z,sell,5e-07,2640.0,0.00132
MTH/BTC,1627495636872,2021-07-28T18:07:16.872Z,buy,5.1e-07,9803.0,0.00499953
MTH/BTC,1627496027343,2021-07-28T18:13:47.343Z,sell,5e-07,2346.0,0.001173
MTH/BTC,1627496102120,2021-07-28T18:15:02.120Z,sell,5e-07,773.0,0.00038649999999999996
MTH/BTC,1627497313457,2021-07-28T18:35:13.457Z,buy,5.1e-07,8005.0,0.00408255
MTH/BTC,1627499013240,2021-07-28T19:03:33.240Z,sell,5e-07,1894.0,0.0009469999999999999
MTH/BTC,1627499013240,2021-07-28T19:03:33.240Z,sell,5e-07,1894.0,0.0009469999999999999
MTH/BTC,1627499140539,2021-07-28T19:05:40.539Z,sell,5e-07,1315.0,0.0006575
MTH/BTC,1627499456898,2021-07-28T19:10:56.898Z,sell,5e-07,1722.0,0.000861
MTH/BTC,1627500224797,2021-07-28T19:23:44.797Z,sell,5e-07,621.0,0.0003105
MTH/BTC,1627500739319,2021-07-28T19:32:19.319Z,buy,5.1e-07,200.0,0.000102
MTH/BTC,1627500754970,2021-07-28T19:32:34.970Z,sell,5e-07,13586.0,0.0067929999999999996
MTH/BTC,1627500811266,2021-07-28T19:33:31.266Z,sell,5e-07,649.0,0.0003245
MTH/BTC,1627501198666,2021-07-28T19:39:58.666Z,buy,5.1e-07,836.0,0.00042636
MTH/BTC,1627502198370,2021-07-28T19:56:38.370Z,buy,5.1e-07,17647.0,0.00899997
MTH/BTC,1627502198370,2021-07-28T19:56:38.370Z,buy,5.1e-07,17647.0,0.00899997
MTH/BTC,1627502645868,2021-07-28T20:04:05.868Z,sell,5e-07,476.0,0.00023799999999999998
MTH/BTC,1627502742939,2021-07-28T20:05:42.939Z,buy,5.1e-07,200.0,0.000102
MTH/BTC,1627503061521,2021-07-28T20:11:01.521Z,sell,5e-07,975.0,0.0004875
MTH/BTC,1627503084422,2021-07-28T20:11:24.422Z,sell,5e-07,985.0,0.0004925
MTH/BTC,1627503110078,2021-07-28T20:11:50.078Z,sell,5e-07,975.0,0.0004875
MTH/BTC,1627503139521,2021-07-28T20:12:19.521Z,sell,5e-07,975.0,0.0004875
MTH/BTC,1627503167830,2021-07-28T20:12:47.830Z,sell,5e-07,985.0,0.0004925
MTH/BTC,1627503374886,2021-07-28T20:16:14.886Z,sell,5e-07,412.0,0.000206
MTH/BTC,1627503521952,2021-07-28T20:18:41.952Z,buy,5.1e-07,142900.0,0.072879
MTH/BTC,1627505423283,2021-07-28T20:50:23.283Z,buy,5.1e-07,1000010.0,0.5100051
MTH/BTC,1627505423283,2021-07-28T20:50:23.283Z,buy,5.1e-07,1000010.0,0.5100051
MTH/BTC,1627506215563,2021-07-28T21:03:35.563Z,sell,5e-07,3197.0,0.0015984999999999999
MTH/BTC,1627506241777,2021-07-28T21:04:01.777Z,buy,5.1e-07,957.0,0.00048807
MTH/BTC,1627506480596,2021-07-28T21:08:00.596Z,buy,5.1e-07,532.0,0.00027131999999999997
MTH/BTC,1627507169010,2021-07-28T21:19:29.010Z,sell,5e-07,14062.0,0.007031
MTH/BTC,1627507761330,2021-07-28T21:29:21.330Z,sell,5e-07,2258.0,0.001129
MTH/BTC,1627507762250,2021-07-28T21:29:22.250Z,sell,5e-07,956.0,0.00047799999999999996
MTH/BTC,1627508141392,2021-07-28T21:35:41.392Z,buy,5.1e-07,250.0,0.0001275
MTH/BTC,1627508302242,2021-07-28T21:38:22.242Z,buy,5.1e-07,492.0,0.00025092
MTH/BTC,1627508302242,2021-07-28T21:38:22.242Z,buy,5.1e-07,492.0,0.00025092
MTH/BTC,1627509318451,2021-07-28T21:55:18.451Z,buy,5.1e-07,573.0,0.00029223
MTH/BTC,1627509531264,2021-07-28T21:58:51.264Z,buy,5.1e-07,1230.0,0.0006273
MTH/BTC,1627509881315,2021-07-28T22:04:41.315Z,buy,5.1e-07,1292.0,0.00065892
MTH/BTC,1627510184037,2021-07-28T22:09:44.037Z,sell,5e-07,11629.0,0.005814499999999999
MTH/BTC,1627511391302,2021-07-28T22:29:51.302Z,buy,5.1e-07,722.0,0.00036822
MTH/BTC,1627511407381,2021-07-28T22:30:07.381Z,buy,5.1e-07,4901.0,0.00249951
MTH/BTC,1627511415391,2021-07-28T22:30:15.391Z,buy,5.1e-07,21307.0,0.010866569999999999
MTH/BTC,1627511697329,2021-07-28T22:34:57.329Z,sell,5e-07,1020.0,0.0005099999999999999
MTH/BTC,1627511697329,2021-07-28T22:34:57.329Z,sell,5e-07,1020.0,0.0005099999999999999
MTH/BTC,1627513451597,2021-07-28T23:04:11.597Z,buy,5.1e-07,390.0,0.00019889999999999998
MTH/BTC,1627513686681,2021-07-28T23:08:06.681Z,sell,5e-07,223.0,0.0001115
MTH/BTC,1627513975925,2021-07-28T23:12:55.925Z,buy,5.1e-07,200.0,0.000102
MTH/BTC,1627513975925,2021-07-28T23:12:55.925Z,buy,5.1e-07,200.0,0.000102
MTH/BTC,1627516162513,2021-07-28T23:49:22.513Z,sell,5e-07,4586.0,0.002293
MTH/BTC,1627516371111,2021-07-28T23:52:51.111Z,sell,5e-07,47936.0,0.023968
MTH/BTC,1627516661853,2021-07-28T23:57:41.853Z,buy,5.1e-07,1831.0,0.00093381
MTH/BTC,1627516661853,2021-07-28T23:57:41.853Z,buy,5.1e-07,1831.0,0.00093381
MTH/BTC,1627517826889,2021-07-29T00:17:06.889Z,buy,5.1e-07,5000.0,0.0025499999999999997
MTH/BTC,1627519096101,2021-07-29T00:38:16.101Z,buy,5.1e-07,647.0,0.00032997
MTH/BTC,1627519096101,2021-07-29T00:38:16.101Z,buy,5.1e-07,647.0,0.00032997
MTH/BTC,1627520623723,2021-07-29T01:03:43.723Z,sell,5e-07,5471.0,0.0027355
MTH/BTC,1627521076232,2021-07-29T01:11:16.232Z,buy,5.1e-07,200.0,0.000102
MTH/BTC,1627521486527,2021-07-29T01:18:06.527Z,sell,5e-07,884.0,0.00044199999999999996
MTH/BTC,1627521683791,2021-07-29T01:21:23.791Z,sell,5e-07,1180.0,0.0005899999999999999
MTH/BTC,1627521683791,2021-07-29T01:21:23.791Z,sell,5e-07,1180.0,0.0005899999999999999
MTH/BTC,1627522945509,2021-07-29T01:42:25.509Z,sell,5e-07,1279.0,0.0006395
MTH/BTC,1627523258700,2021-07-29T01:47:38.700Z,sell,5e-07,2697.0,0.0013484999999999999
MTH/BTC,1627523936012,2021-07-29T01:58:56.012Z,sell,5e-07,410.0,0.000205
MTH/BTC,1627524276667,2021-07-29T02:04:36.667Z,sell,5e-07,3293.0,0.0016465
MTH/BTC,1627524305616,2021-07-29T02:05:05.616Z,buy,5.1e-07,4363.0,0.00222513
MTH/BTC,1627524305616,2021-07-29T02:05:05.616Z,buy,5.1e-07,4363.0,0.00222513
MTH/BTC,1627526065129,2021-07-29T02:34:25.129Z,sell,5e-07,2353.0,0.0011765
MTH/BTC,1627526518338,2021-07-29T02:41:58.338Z,buy,5.1e-07,200.0,0.000102
MTH/BTC,1627526677007,2021-07-29T02:44:37.007Z,sell,5e-07,2880.0,0.0014399999999999999
MTH/BTC,1627527516275,2021-07-29T02:58:36.275Z,buy,5.1e-07,870.0,0.0004437
MTH/BTC,1627527786329,2021-07-29T03:03:06.329Z,buy,5.1e-07,981.0,0.00050031
MTH/BTC,1627527786611,2021-07-29T03:03:06.611Z,buy,5.1e-07,1961.0,0.00100011
MTH/BTC,1627527786747,2021-07-29T03:03:06.747Z,buy,5.1e-07,236.0,0.00012035999999999999
MTH/BTC,1627527787150,2021-07-29T03:03:07.150Z,buy,5.1e-07,1569.0,0.00080019
MTH/BTC,1627527845652,2021-07-29T03:04:05.652Z,buy,5.1e-07,1421.0,0.0007247099999999999
MTH/BTC,1627527879367,2021-07-29T03:04:39.367Z,buy,5.1e-07,890.0,0.0004539
MTH/BTC,1627527879367,2021-07-29T03:04:39.367Z,buy,5.1e-07,890.0,0.0004539
MTH/BTC,1627530342301,2021-07-29T03:45:42.301Z,sell,5e-07,1001.0,0.0005005
MTH/BTC,1627530444215,2021-07-29T03:47:24.215Z,sell,5e-07,679.0,0.00033949999999999996
MTH/BTC,1627531465116,2021-07-29T04:04:25.116Z,sell,5e-07,509.0,0.0002545
MTH/BTC,1627531465116,2021-07-29T04:04:25.116Z,sell,5e-07,509.0,0.0002545
MTH/BTC,1627531484764,2021-07-29T04:04:44.764Z,buy,5.1e-07,2567.0,0.00130917
MTH/BTC,1627531490573,2021-07-29T04:04:50.573Z,buy,5.1e-07,498.0,0.00025398
MTH/BTC,1627531572597,2021-07-29T04:06:12.597Z,sell,5e-07,507.0,0.0002535
MTH/BTC,1627532144418,2021-07-29T04:15:44.418Z,sell,5e-07,196775.0,0.09838749999999999
MTH/BTC,1627533125441,2021-07-29T04:32:05.441Z,buy,5.1e-07,6925.0,0.0035317499999999997
MTH/BTC,1627533910116,2021-07-29T04:45:10.116Z,buy,5.1e-07,606226.0,0.30917526
MTH/BTC,1627534546646,2021-07-29T04:55:46.646Z,sell,5e-07,2466.0,0.001233
MTH/BTC,1627534956891,2021-07-29T05:02:36.891Z,buy,5.1e-07,2418.0,0.00123318
MTH/BTC,1627534956891,2021-07-29T05:02:36.891Z,buy,5.1e-07,2418.0,0.00123318
MTH/BTC,1627535075259,2021-07-29T05:04:35.259Z,buy,5.1e-07,1727.0,0.00088077
MTH/BTC,1627537220552,2021-07-29T05:40:20.552Z,sell,5e-07,3227.0,0.0016135
MTH/BTC,1627537843785,2021-07-29T05:50:43.785Z,sell,5e-07,1577.0,0.0007884999999999999
MTH/BTC,1627538245635,2021-07-29T05:57:25.635Z,buy,5.1e-07,612.0,0.00031212
MTH/BTC,1627538245635,2021-07-29T05:57:25.635Z,buy,5.1e-07,612.0,0.00031212
MTH/BTC,1627538650600,2021-07-29T06:04:10.600Z,buy,5.1e-07,230.0,0.00011729999999999999
MTH/BTC,1627538719989,2021-07-29T06:05:19.989Z,sell,5e-07,2000.0,0.001
MTH/BTC,1627539281897,2021-07-29T06:14:41.897Z,buy,5.1e-07,3457.0,0.00176307
MTH/BTC,1627539567485,2021-07-29T06:19:27.485Z,sell,5e-07,2111.0,0.0010555
MTH/BTC,1627540352622,2021-07-29T06:32:32.622Z,buy,5.1e-07,592.0,0.00030192
MTH/BTC,1627540352622,2021-07-29T06:32:32.622Z,buy,5.1e-07,592.0,0.00030192
MTH/BTC,1627542350936,2021-07-29T07:05:50.936Z,buy,5.1e-07,361.0,0.00018411
MTH/BTC,1627543769464,2021-07-29T07:29:29.464Z,sell,5e-07,642.0,0.000321
MTH/BTC,1627543769464,2021-07-29T07:29:29.464Z,sell,5e-07,642.0,0.000321
MTH/BTC,1627545726074,2021-07-29T08:02:06.074Z,buy,5.1e-07,1450.0,0.0007395
MTH/BTC,1627545912530,2021-07-29T08:05:12.530Z,buy,5.1e-07,969.0,0.00049419
MTH/BTC,1627546483901,2021-07-29T08:14:43.901Z,sell,5e-07,5712.0,0.002856
MTH/BTC,1627546483901,2021-07-29T08:14:43.901Z,sell,5e-07,5712.0,0.002856
MTH/BTC,1627547834369,2021-07-29T08:37:14.369Z,sell,5e-07,500.0,0.00025
MTH/BTC,1627547913162,2021-07-29T08:38:33.162Z,buy,5.1e-07,200.0,0.000102
MTH/BTC,1627549231889,2021-07-29T09:00:31.889Z,buy,5.1e-07,2014.0,0.00102714
MTH/BTC,1627549467656,2021-07-29T09:04:27.656Z,buy,5.1e-07,280.0,0.0001428
MTH/BTC,1627549467656,2021-07-29T09:04:27.656Z,buy,5.1e-07,280.0,0.0001428
MTH/BTC,1627550138631,2021-07-29T09:15:38.631Z,sell,5e-07,59900.0,0.029949999999999997
MTH/BTC,1627551092332,2021-07-29T09:31:32.332Z,sell,5e-07,1421.0,0.0007105
MTH/BTC,1627551542976,2021-07-29T09:39:02.976Z,sell,5e-07,4062.0,0.002031
MTH/BTC,1627551927136,2021-07-29T09:45:27.136Z,sell,5e-07,1367.0,0.0006835
MTH/BTC,1627552795529,2021-07-29T09:59:55.529Z,sell,5e-07,5347.0,0.0026735
MTH/BTC,1627552849953,2021-07-29T10:00:49.953Z,sell,5e-07,80322.0,0.040160999999999995
MTH/BTC,1627553053631,2021-07-29T10:04:13.631Z,sell,5e-07,400000.0,0.19999999999999998
MTH/BTC,1627553058060,2021-07-29T10:04:18.060Z,buy,5.1e-07,313.0,0.00015963
MTH/BTC,1627553058060,2021-07-29T10:04:18.060Z,buy,5.1e-07,313.0,0.00015963
MTH/BTC,1627553094854,2021-07-29T10:04:54.854Z,buy,5.1e-07,1697.0,0.00086547
MTH/BTC,1627553406643,2021-07-29T10:10:06.643Z,buy,5.1e-07,51678.0,0.02635578
MTH/BTC,1627554521181,2021-07-29T10:28:41.181Z,buy,5.1e-07,199.0,0.00010148999999999999
MTH/BTC,1627554544248,2021-07-29T10:29:04.248Z,sell,5e-07,910.0,0.000455
MTH/BTC,1627554934821,2021-07-29T10:35:34.821Z,sell,5e-07,188491.0,0.0942455
MTH/BTC,1627555081732,2021-07-29T10:38:01.732Z,buy,5.1e-07,359.0,0.00018308999999999998
MTH/BTC,1627555251110,2021-07-29T10:40:51.110Z,buy,5.1e-07,1447.0,0.00073797
MTH/BTC,1627556198826,2021-07-29T10:56:38.826Z,buy,5.1e-07,360.0,0.0001836
MTH/BTC,1627556650647,2021-07-29T11:04:10.647Z,sell,5e-07,495.0,0.0002475
MTH/BTC,1627556650647,2021-07-29T11:04:10.647Z,sell,5e-07,495.0,0.0002475
MTH/BTC,1627556681586,2021-07-29T11:04:41.586Z,buy,5.1e-07,301.0,0.00015350999999999999
MTH/BTC,1627556849333,2021-07-29T11:07:29.333Z,buy,5.1e-07,981.0,0.00050031
MTH/BTC,1627557642896,2021-07-29T11:20:42.896Z,sell,5e-07,4218.0,0.0021089999999999998
MTH/BTC,1627557796152,2021-07-29T11:23:16.152Z,buy,5.1e-07,200.0,0.000102
MTH/BTC,1627557913055,2021-07-29T11:25:13.055Z,buy,5.1e-07,199.0,0.00010148999999999999
MTH/BTC,1627558005711,2021-07-29T11:26:45.711Z,sell,5e-07,22950.0,0.011474999999999999
MTH/BTC,1627558172188,2021-07-29T11:29:32.188Z,buy,5.1e-07,400.0,0.000204
MTH/BTC,1627560114193,2021-07-29T12:01:54.193Z,sell,5e-07,3469.0,0.0017345
MTH/BTC,1627560132102,2021-07-29T12:02:12.102Z,sell,5e-07,25136.0,0.012568
MTH/BTC,1627560132102,2021-07-29T12:02:12.102Z,sell,5e-07,25136.0,0.012568
MTH/BTC,1627560266595,2021-07-29T12:04:26.595Z,buy,5.1e-07,200.0,0.000102
MTH/BTC,1627562747148,2021-07-29T12:45:47.148Z,buy,5.1e-07,816.0,0.00041616
MTH/BTC,1627562752901,2021-07-29T12:45:52.901Z,buy,5.1e-07,218.0,0.00011118
MTH/BTC,1627562760382,2021-07-29T12:46:00.382Z,buy,5.1e-07,4535.0,0.00231285
MTH/BTC,1627562766862,2021-07-29T12:46:06.862Z,buy,5.1e-07,1446.0,0.00073746
MTH/BTC,1627562775117,2021-07-29T12:46:15.117Z,buy,5.1e-07,2466.0,0.00125766
MTH/BTC,1627563170719,2021-07-29T12:52:50.719Z,sell,5e-07,1927.0,0.0009635
MTH/BTC,1627563310264,2021-07-29T12:55:10.264Z,buy,5.1e-07,2096.0,0.0010689599999999999
MTH/BTC,1627563381382,2021-07-29T12:56:21.382Z,buy,5.1e-07,352317.0,0.17968167
MTH/BTC,1627563385950,2021-07-29T12:56:25.950Z,sell,5e-07,351964.0,0.175982
MTH/BTC,1627563385950,2021-07-29T12:56:25.950Z,sell,5e-07,351964.0,0.175982
MTH/BTC,1627563930396,2021-07-29T13:05:30.396Z,buy,5.1e-07,1512.0,0.00077112
MTH/BTC,1627564030363,2021-07-29T13:07:10.363Z,buy,5.1e-07,981.0,0.00050031
MTH/BTC,1627564387193,2021-07-29T13:13:07.193Z,sell,5e-07,29759.0,0.014879499999999999
MTH/BTC,1627564563946,2021-07-29T13:16:03.946Z,buy,5.1e-07,200.0,0.000102
MTH/BTC,1627565643295,2021-07-29T13:34:03.295Z,sell,5e-07,765.0,0.0003825
MTH/BTC,1627566291885,2021-07-29T13:44:51.885Z,sell,5e-07,3313.0,0.0016565
MTH/BTC,1627566345456,2021-07-29T13:45:45.456Z,sell,5e-07,1498.0,0.000749
MTH/BTC,1627566756220,2021-07-29T13:52:36.220Z,buy,5.1e-07,2134.0,0.00108834
MTH/BTC,1627566756220,2021-07-29T13:52:36.220Z,buy,5.1e-07,2134.0,0.00108834
MTH/BTC,1627567489016,2021-07-29T14:04:49.016Z,sell,5e-07,283.0,0.0001415
MTH/BTC,1627568167178,2021-07-29T14:16:07.178Z,sell,5e-07,1100.0,0.0005499999999999999
MTH/BTC,1627568180672,2021-07-29T14:16:20.672Z,buy,5.1e-07,4000.0,0.00204
MTH/BTC,1627569111586,2021-07-29T14:31:51.586Z,sell,5e-07,839.0,0.0004195
MTH/BTC,1627569712906,2021-07-29T14:41:52.906Z,buy,5.1e-07,375.0,0.00019125
MTH/BTC,1627570293668,2021-07-29T14:51:33.668Z,buy,5.1e-07,541.0,0.00027591
MTH/BTC,1627570293668,2021-07-29T14:51:33.668Z,buy,5.1e-07,541.0,0.00027591
MTH/BTC,1627570479151,2021-07-29T14:54:39.151Z,sell,5e-07,4995.0,0.0024974999999999997
MTH/BTC,1627570708762,2021-07-29T14:58:28.762Z,sell,5e-07,200.0,9.999999999999999e-05
MTH/BTC,1627570806592,2021-07-29T15:00:06.592Z,buy,5.1e-07,846.0,0.00043146
MTH/BTC,1627570861600,2021-07-29T15:01:01.600Z,buy,5.1e-07,833.0,0.00042483
MTH/BTC,1627570861853,2021-07-29T15:01:01.853Z,buy,5.1e-07,1000.0,0.00051
MTH/BTC,1627571036184,2021-07-29T15:03:56.184Z,buy,5.1e-07,2207.0,0.00112557
MTH/BTC,1627571099348,2021-07-29T15:04:59.348Z,buy,5.1e-07,1146.0,0.00058446
MTH/BTC,1627571441771,2021-07-29T15:10:41.771Z,sell,5e-07,78778.0,0.039389
MTH/BTC,1627571554549,2021-07-29T15:12:34.549Z,sell,5e-07,200.0,9.999999999999999e-05
MTH/BTC,1627573577096,2021-07-29T15:46:17.096Z,sell,5e-07,4544.0,0.0022719999999999997
MTH/BTC,1627573835651,2021-07-29T15:50:35.651Z,buy,5.1e-07,200.0,0.000102
MTH/BTC,1627573835651,2021-07-29T15:50:35.651Z,buy,5.1e-07,200.0,0.000102
MTH/BTC,1627574699566,2021-07-29T16:04:59.566Z,buy,5.1e-07,138943.0,0.07086093
MTH/BTC,1627574703243,2021-07-29T16:05:03.243Z,sell,5e-07,138804.0,0.06940199999999999
MTH/BTC,1627577058051,2021-07-29T16:44:18.051Z,buy,5.1e-07,392.0,0.00019992
MTH/BTC,1627577058051,2021-07-29T16:44:18.051Z,buy,5.1e-07,392.0,0.00019992
MTH/BTC,1627577446044,2021-07-29T16:50:46.044Z,buy,5.1e-07,1719.0,0.00087669
MTH/BTC,1627578056094,2021-07-29T17:00:56.094Z,sell,5e-07,916.0,0.00045799999999999997
MTH/BTC,1627578293456,2021-07-29T17:04:53.456Z,buy,5.1e-07,1318.0,0.00067218
MTH/BTC,1627579294845,2021-07-29T17:21:34.845Z,buy,5.1e-07,12368.0,0.0063076799999999995
